"Data","Último","Abertura","Máxima","Mínima","Vol.","Var%"
"20.06.2022","27,73","26,02","28,22","25,93","86,07M","1,54%"
"17.06.2022","27,31","28,17","28,45","26,13","183,27M","-6,09%"
"15.06.2022","29,08","30,00","30,02","28,84","72,19M","-1,76%"
"14.06.2022","29,60","29,66","30,25","29,24","68,57M","1,13%"
"13.06.2022","29,27","29,02","29,58","28,67","64,36M","-1,28%"
"10.06.2022","29,65","30,01","30,01","29,06","62,63M","-1,40%"
"09.06.2022","30,07","30,51","30,66","29,98","53,70M","-1,44%"
"08.06.2022","30,51","30,42","31,15","30,33","65,72M","-0,49%"
"07.06.2022","30,66","30,19","31,30","30,16","79,94M","1,19%"
"06.06.2022","30,30","30,50","30,53","29,91","38,95M","0,07%"
"03.06.2022","30,28","29,71","30,44","29,53","60,20M","1,75%"
"02.06.2022","29,76","29,97","30,05","29,55","50,25M","-0,87%"
"01.06.2022","30,02","29,90","30,33","29,85","46,02M","-0,13%"
"31.05.2022","30,06","30,41","30,62","29,81","83,28M","0,23%"
"30.05.2022","29,99","30,84","30,87","29,12","97,72M","-1,99%"
"27.05.2022","30,60","32,15","32,15","30,57","117,50M","-4,76%"
"26.05.2022","32,13","32,02","32,56","31,95","78,08M","0,25%"
"25.05.2022","32,05","31,70","32,28","31,26","69,82M","1,42%"
"24.05.2022","31,60","31,20","32,09","30,71","153,50M","-12,71%"
"23.05.2022","36,20","35,18","36,31","35,15","93,81M","3,93%"
"20.05.2022","34,83","34,59","34,83","34,25","77,94M","1,93%"
"19.05.2022","34,17","33,52","34,29","33,33","63,72M","1,70%"
"18.05.2022","33,60","34,18","34,56","33,43","80,79M","-1,64%"
"17.05.2022","34,16","35,00","35,14","34,14","90,43M","-1,30%"
"16.05.2022","34,61","34,25","34,88","34,01","91,89M","0,99%"
"13.05.2022","34,27","34,10","34,44","33,90","66,84M","1,30%"
"12.05.2022","33,83","33,26","34,08","33,26","114,03M","0,77%"
"11.05.2022","33,57","32,78","33,91","32,69","108,54M","3,48%"
"10.05.2022","32,44","32,36","32,85","32,20","60,23M","0,87%"
"09.05.2022","32,16","32,70","33,04","32,06","91,49M","-2,72%"
"06.05.2022","33,06","32,69","33,12","31,90","129,32M","3,28%"
"05.05.2022","32,01","31,81","32,50","31,02","98,72M","-0,19%"
"04.05.2022","32,07","30,60","32,17","30,40","108,92M","6,02%"
"03.05.2022","30,25","30,12","30,39","29,82","52,28M","0,90%"
"02.05.2022","29,98","30,17","30,33","29,33","72,24M","-0,99%"
"29.04.2022","30,28","30,75","31,59","30,28","75,91M","0,07%"
"28.04.2022","30,26","30,45","30,62","30,25","43,12M","0,67%"
"27.04.2022","30,06","30,37","30,56","29,95","41,58M","0,00%"
"26.04.2022","30,06","30,09","30,56","29,92","48,60M","-0,17%"
"25.04.2022","30,11","29,97","30,44","29,54","66,22M","-1,47%"
"22.04.2022","30,56","31,05","31,30","30,32","74,30M","-3,90%"
"20.04.2022","31,80","31,65","31,95","31,33","34,55M","0,47%"
"19.04.2022","31,65","31,16","32,00","31,12","88,29M","3,03%"
"18.04.2022","30,72","31,16","31,39","30,47","76,06M","-1,76%"
"14.04.2022","31,27","31,60","32,07","31,16","118,44M","-9,55%"
"13.04.2022","34,57","34,37","34,80","34,10","100,79M","2,13%"
"12.04.2022","33,85","34,40","34,68","33,80","67,82M","-0,29%"
"11.04.2022","33,95","33,90","34,10","33,78","47,99M","-0,76%"
"08.04.2022","34,21","34,07","34,41","33,85","60,52M","0,50%"
"07.04.2022","34,04","32,64","34,06","32,50","118,12M","5,19%"
"06.04.2022","32,36","32,60","32,78","32,04","56,80M","-0,09%"
"05.04.2022","32,39","32,66","33,06","32,39","45,38M","-0,95%"
"04.04.2022","32,70","32,90","32,90","32,25","55,98M","-0,94%"
"01.04.2022","33,01","33,55","33,79","32,91","72,28M","-1,32%"
"31.03.2022","33,45","32,57","33,57","32,50","94,02M","1,39%"
"30.03.2022","32,99","32,50","32,99","32,38","69,29M","2,14%"
"29.03.2022","32,30","32,13","32,76","31,92","93,64M","2,22%"
"28.03.2022","31,60","32,06","32,08","30,98","67,71M","-2,17%"
"25.03.2022","32,30","32,15","32,55","31,92","51,63M","-0,37%"
"24.03.2022","32,42","32,05","32,60","31,67","48,85M","1,15%"
"23.03.2022","32,05","31,93","32,47","31,69","52,77M","1,36%"
"22.03.2022","31,62","31,99","32,10","31,35","55,95M","-0,44%"
"21.03.2022","31,76","30,91","32,09","30,64","67,45M","3,76%"
"18.03.2022","30,61","30,09","30,82","29,86","92,48M","2,00%"
"17.03.2022","30,01","31,25","31,40","29,50","177,81M","-2,66%"
"16.03.2022","30,83","31,50","31,54","30,37","71,60M","-0,87%"
"15.03.2022","31,10","31,14","31,54","30,47","66,03M","-2,42%"
"14.03.2022","31,87","32,43","32,89","31,52","52,13M","-1,91%"
"11.03.2022","32,49","33,91","34,38","32,07","92,15M","-3,59%"
"10.03.2022","33,70","32,60","34,60","32,52","136,44M","3,50%"
"09.03.2022","32,56","32,60","32,82","31,74","87,78M","0,31%"
"08.03.2022","32,46","32,00","32,97","31,51","111,63M","2,08%"
"07.03.2022","31,80","34,50","34,60","31,63","110,95M","-7,10%"
"04.03.2022","34,23","34,08","34,68","33,82","55,42M","-0,03%"
"03.03.2022","34,24","34,82","34,93","34,16","69,24M","-1,24%"
"02.03.2022","34,67","35,26","35,29","34,39","58,07M","1,97%"
"25.02.2022","34,00","33,45","34,00","32,90","86,19M","1,83%"
"24.02.2022","33,39","34,80","35,29","32,68","139,67M","-2,43%"
"23.02.2022","34,22","34,18","34,60","33,80","86,53M","1,42%"
"22.02.2022","33,74","34,22","34,68","33,21","80,21M","-0,32%"
"21.02.2022","33,85","33,05","34,00","33,00","51,26M","2,58%"
"18.02.2022","33,00","32,57","33,09","32,27","58,65M","0,61%"
"17.02.2022","32,80","32,85","33,29","32,55","43,26M","-0,39%"
"16.02.2022","32,93","32,83","33,70","32,77","65,81M","1,39%"
"15.02.2022","32,48","32,66","32,68","31,89","65,69M","-1,58%"
"14.02.2022","33,00","33,86","33,94","32,82","55,69M","-2,25%"
"11.02.2022","33,76","32,77","33,91","32,63","88,01M","4,07%"
"10.02.2022","32,44","32,30","32,90","31,94","49,53M","1,53%"
"09.02.2022","31,95","31,74","32,69","31,65","50,96M","0,38%"
"08.02.2022","31,83","31,90","31,95","31,26","62,59M","-1,00%"
"07.02.2022","32,15","32,55","32,78","32,13","48,87M","-1,47%"
"04.02.2022","32,63","32,41","33,23","31,88","59,35M","1,75%"
"03.02.2022","32,07","32,35","32,92","31,62","51,09M","-1,38%"
"02.02.2022","32,52","33,41","33,49","32,36","36,27M","-1,45%"
"01.02.2022","33,00","32,35","33,32","31,95","57,32M","2,01%"
"31.01.2022","32,35","32,50","33,00","32,07","62,45M","-0,58%"
"28.01.2022","32,54","33,80","34,35","32,20","117,40M","-3,96%"
"27.01.2022","33,88","34,25","34,64","33,17","90,63M","0,03%"
"26.01.2022","33,87","33,30","34,27","33,30","98,68M","2,67%"
"25.01.2022","32,99","31,70","33,23","31,58","98,36M","3,26%"
"24.01.2022","31,95","31,69","32,25","31,04","79,12M","0,57%"
"21.01.2022","31,77","31,57","31,88","31,53","60,38M","0,16%"
"20.01.2022","31,72","31,50","32,00","31,11","85,35M","0,73%"
"19.01.2022","31,49","31,90","32,21","31,44","77,48M","-0,47%"
"18.01.2022","31,64","31,56","31,98","30,97","78,20M","0,44%"
"17.01.2022","31,50","31,40","31,81","31,25","35,68M","0,16%"
"14.01.2022","31,45","30,28","31,60","30,24","96,46M","3,73%"
"13.01.2022","30,32","29,53","30,63","29,50","76,72M","2,02%"
"12.01.2022","29,72","28,95","29,91","28,95","81,38M","3,05%"
"11.01.2022","28,84","28,10","29,07","27,85","73,62M","2,96%"
"10.01.2022","28,01","27,99","28,24","27,72","37,46M","-0,60%"
"07.01.2022","28,18","28,11","28,29","27,82","47,51M","0,46%"
"06.01.2022","28,05","28,29","28,65","27,84","61,16M","-0,07%"
"05.01.2022","28,07","29,19","29,27","27,94","78,46M","-3,87%"
"04.01.2022","29,20","29,16","29,40","28,91","51,74M","0,38%"
"03.01.2022","29,09","28,54","29,22","28,53","52,70M","2,25%"
"30.12.2021","28,45","28,55","28,70","28,39","43,23M","-0,32%"
"29.12.2021","28,54","28,70","28,90","28,42","35,51M","-0,83%"
"28.12.2021","28,78","29,01","29,28","28,70","30,69M","0,10%"
"27.12.2021","28,75","28,32","28,78","28,15","44,23M","1,48%"
"23.12.2021","28,33","28,33","28,42","28,15","28,71M","0,60%"
"22.12.2021","28,16","28,40","28,40","27,97","33,73M","-0,14%"
"21.12.2021","28,20","28,55","28,72","28,12","40,45M","0,14%"
"20.12.2021","28,16","28,44","28,55","27,68","106,28M","-2,86%"
"17.12.2021","28,99","29,32","29,64","28,78","93,23M","-2,36%"
"16.12.2021","29,69","29,62","29,98","29,50","56,55M","1,33%"
"15.12.2021","29,30","29,10","29,30","28,59","55,09M","0,62%"
"14.12.2021","29,12","29,61","29,85","29,01","56,83M","-1,19%"
"13.12.2021","29,47","29,67","30,05","29,29","45,45M","-0,61%"
"10.12.2021","29,65","29,50","30,10","29,48","38,52M","1,23%"
"09.12.2021","29,29","29,10","29,49","28,79","67,67M","-0,20%"
"08.12.2021","29,35","29,36","30,07","29,22","71,15M","-0,03%"
"07.12.2021","29,36","29,28","29,57","28,80","98,98M","1,63%"
"06.12.2021","28,89","28,78","29,27","28,68","66,14M","0,45%"
"03.12.2021","28,76","28,48","28,94","28,22","105,13M","1,41%"
"02.12.2021","28,36","26,99","28,49","26,20","191,41M","-4,19%"
"01.12.2021","29,60","29,84","30,67","29,48","135,08M","0,58%"
"30.11.2021","29,43","29,30","29,64","28,86","129,38M","-0,14%"
"29.11.2021","29,47","29,36","29,82","28,81","84,67M","3,51%"
"26.11.2021","28,47","28,39","29,16","28,07","108,87M","-3,88%"
"25.11.2021","29,62","29,05","29,79","28,56","104,05M","4,41%"
"24.11.2021","28,37","27,78","28,44","27,51","64,26M","2,05%"
"23.11.2021","27,80","26,61","28,05","26,50","108,38M","5,46%"
"22.11.2021","26,36","26,30","27,13","26,29","59,20M","1,00%"
"19.11.2021","26,10","26,10","26,28","25,78","84,86M","-1,66%"
"18.11.2021","26,54","26,69","26,75","26,05","63,99M","-0,15%"
"17.11.2021","26,58","27,39","27,44","26,49","82,11M","-2,53%"
"16.11.2021","27,27","27,26","27,56","26,63","60,98M","1,04%"
"12.11.2021","26,99","26,31","27,16","26,00","85,96M","2,04%"
"11.11.2021","26,45","26,88","26,88","26,24","60,85M","0,08%"
"10.11.2021","26,43","26,60","26,93","26,16","68,18M","-0,79%"
"09.11.2021","26,64","26,20","26,95","26,20","73,02M","1,99%"
"08.11.2021","26,12","25,81","26,66","25,72","59,70M","1,04%"
"05.11.2021","25,85","26,29","26,54","25,78","85,79M","-0,58%"
"04.11.2021","26,00","27,02","27,24","25,85","91,97M","-3,17%"
"03.11.2021","26,85","27,71","27,85","26,80","81,99M","-4,11%"
"01.11.2021","28,00","27,71","28,32","27,37","101,81M","2,75%"
"29.10.2021","27,25","29,13","29,19","26,97","156,81M","-5,90%"
"28.10.2021","28,96","28,53","29,25","28,25","87,35M","0,94%"
"27.10.2021","28,69","28,83","29,06","28,47","57,27M","-0,24%"
"26.10.2021","28,76","28,80","29,23","28,60","57,54M","-0,96%"
"25.10.2021","29,04","27,76","29,31","27,65","135,26M","6,84%"
"22.10.2021","27,18","27,10","27,76","25,77","138,16M","-0,98%"
"21.10.2021","27,45","27,86","28,18","26,92","100,96M","-3,38%"
"20.10.2021","28,41","28,27","28,80","27,95","55,26M","1,43%"
"19.10.2021","28,01","29,24","29,32","27,86","111,00M","-4,89%"
"18.10.2021","29,45","29,40","29,64","28,99","68,75M","-0,51%"
"15.10.2021","29,60","29,80","29,84","29,51","71,60M","-0,27%"
"14.10.2021","29,68","29,86","30,22","29,50","75,91M","0,17%"
"13.10.2021","29,63","29,17","29,70","29,08","55,43M","1,06%"
"11.10.2021","29,32","29,50","29,85","29,15","76,30M","0,69%"
"08.10.2021","29,12","29,00","29,61","28,71","83,79M","1,82%"
"07.10.2021","28,60","28,70","28,98","28,25","60,19M","-0,14%"
"06.10.2021","28,64","28,95","29,17","28,47","84,20M","-2,65%"
"05.10.2021","29,42","29,00","29,47","28,90","99,46M","2,19%"
"04.10.2021","28,79","27,76","28,81","27,72","106,56M","2,82%"
"01.10.2021","28,00","27,12","28,00","27,07","60,61M","2,83%"
"30.09.2021","27,23","27,53","27,58","27,17","65,45M","-0,58%"
"29.09.2021","27,39","27,21","27,53","26,82","58,55M","1,59%"
"28.09.2021","26,96","27,19","27,89","26,72","117,50M","-0,66%"
"27.09.2021","27,14","27,14","27,46","26,50","88,97M","0,89%"
"24.09.2021","26,90","26,55","27,06","26,47","44,59M","0,22%"
"23.09.2021","26,84","25,95","26,95","25,91","83,86M","3,83%"
"22.09.2021","25,85","25,53","26,22","25,52","69,95M","2,54%"
"21.09.2021","25,21","25,08","25,29","24,53","64,35M","2,27%"
"20.09.2021","24,65","24,08","24,65","23,79","79,83M","-1,12%"
"17.09.2021","24,93","25,97","26,02","24,77","128,32M","-4,48%"
"16.09.2021","26,10","26,08","26,24","25,51","65,19M","-0,87%"
"15.09.2021","26,33","26,00","26,46","25,87","66,93M","1,74%"
"14.09.2021","25,88","25,95","26,25","25,72","65,21M","-1,33%"
"13.09.2021","26,23","25,80","26,39","25,64","63,01M","3,51%"
"10.09.2021","25,34","26,02","26,14","25,33","78,02M","-0,63%"
"09.09.2021","25,50","25,08","25,88","24,14","154,71M","2,12%"
"08.09.2021","24,97","26,29","26,35","24,79","79,42M","-5,63%"
"06.09.2021","26,46","26,21","26,71","26,15","26,30M","0,49%"
"03.09.2021","26,33","26,65","26,78","26,10","57,37M","-1,02%"
"02.09.2021","26,60","27,00","27,35","26,46","55,50M","-1,63%"
"01.09.2021","27,04","27,32","27,34","26,33","69,06M","-0,55%"
"31.08.2021","27,19","28,20","28,23","26,99","109,91M","-3,92%"
"30.08.2021","28,30","28,40","28,71","28,26","60,86M","-0,67%"
"27.08.2021","28,49","27,70","28,49","27,67","76,10M","3,64%"
"26.08.2021","27,49","27,58","27,88","27,47","40,64M","-0,87%"
"25.08.2021","27,73","27,63","27,83","27,38","45,93M","0,54%"
"24.08.2021","27,58","27,29","27,63","27,24","49,60M","2,07%"
"23.08.2021","27,02","26,94","27,31","26,77","69,50M","1,58%"
"20.08.2021","26,60","26,40","26,63","26,17","84,94M","-0,15%"
"19.08.2021","26,64","26,26","26,87","26,13","80,25M","-0,56%"
"18.08.2021","26,79","27,03","27,31","26,65","85,28M","-0,89%"
"17.08.2021","27,03","26,84","27,63","26,45","92,96M","-5,62%"
"16.08.2021","28,64","29,20","29,24","28,24","100,31M","-2,42%"
"13.08.2021","29,35","29,06","29,61","29,02","84,74M","0,86%"
"12.08.2021","29,10","28,66","29,19","28,50","94,92M","1,50%"
"11.08.2021","28,67","28,16","28,99","27,97","97,61M","1,38%"
"10.08.2021","28,28","28,30","28,78","28,24","84,02M","0,32%"
"09.08.2021","28,19","27,95","28,21","27,67","75,03M","-0,70%"
"06.08.2021","28,39","28,50","28,54","28,02","50,80M","0,14%"
"05.08.2021","28,35","28,75","28,98","28,06","222,99M","7,88%"
"04.08.2021","26,28","26,55","26,77","25,95","87,58M","-2,12%"
"03.08.2021","26,85","26,36","26,87","25,79","71,53M","1,67%"
"02.08.2021","26,41","27,20","27,41","26,37","70,04M","-1,86%"
"30.07.2021","26,91","27,60","27,83","26,83","73,60M","-3,24%"
"29.07.2021","27,81","27,80","27,92","27,50","43,60M","0,36%"
"28.07.2021","27,71","27,43","27,90","27,20","46,58M","2,06%"
"27.07.2021","27,15","27,35","27,40","26,90","51,66M","-1,16%"
"26.07.2021","27,47","26,74","27,47","26,72","46,40M","2,73%"
"23.07.2021","26,74","27,10","27,17","26,68","33,77M","-0,59%"
"22.07.2021","26,90","27,00","27,22","26,71","37,43M","-0,22%"
"21.07.2021","26,96","26,79","27,24","26,59","50,12M","1,39%"
"20.07.2021","26,59","26,19","26,94","25,90","63,09M","1,33%"
"19.07.2021","26,24","25,97","26,45","25,86","79,83M","-1,65%"
"16.07.2021","26,68","27,23","27,38","26,58","67,46M","-1,48%"
"15.07.2021","27,08","27,49","27,63","26,92","67,61M","-2,13%"
"14.07.2021","27,67","28,10","28,20","27,54","51,40M","-0,82%"
"13.07.2021","27,90","27,56","27,97","27,38","41,20M","0,61%"
"12.07.2021","27,73","27,58","27,78","27,28","52,41M","0,87%"
"08.07.2021","27,49","27,40","27,68","27,27","80,20M","-2,00%"
"07.07.2021","28,05","28,15","28,15","27,41","73,36M","1,37%"
"06.07.2021","27,67","28,70","28,80","27,67","97,04M","-4,09%"
"05.07.2021","28,85","29,01","29,16","28,37","55,76M","-1,13%"
"02.07.2021","29,18","29,30","29,38","28,73","37,22M","0,41%"
"01.07.2021","29,06","29,74","29,88","28,92","64,86M","-1,26%"
"30.06.2021","29,43","29,03","29,57","28,92","70,91M","0,86%"
"29.06.2021","29,18","29,09","29,18","28,74","43,10M","0,45%"
"28.06.2021","29,05","29,18","29,27","28,67","40,16M","-0,17%"
"25.06.2021","29,10","29,69","29,79","28,95","84,49M","-1,85%"
"24.06.2021","29,65","29,49","29,65","29,22","51,14M","1,19%"
"23.06.2021","29,30","29,25","29,52","29,00","57,11M","0,69%"
"22.06.2021","29,10","29,00","29,27","28,67","41,44M","0,52%"
"21.06.2021","28,95","28,40","29,00","28,40","50,41M","2,22%"
"18.06.2021","28,32","28,00","28,42","27,64","114,06M","0,68%"
"17.06.2021","28,13","29,01","29,20","27,91","94,48M","-3,47%"
"16.06.2021","29,14","29,08","29,29","28,77","76,78M","0,38%"
"15.06.2021","29,03","28,96","29,06","28,63","42,30M","0,97%"
"14.06.2021","28,75","28,90","29,35","28,61","64,04M","0,63%"
"11.06.2021","28,57","28,80","28,85","28,26","54,78M","-0,38%"
"10.06.2021","28,68","28,83","29,03","28,57","35,66M","0,07%"
"09.06.2021","28,66","28,72","29,08","28,52","60,37M","0,00%"
"08.06.2021","28,66","28,17","28,80","27,96","88,14M","1,31%"
"07.06.2021","28,29","28,50","28,55","28,01","74,03M","-0,74%"
"04.06.2021","28,50","28,06","28,62","27,92","102,40M","1,57%"
"02.06.2021","28,06","27,35","28,07","27,26","104,09M","2,82%"
"01.06.2021","27,29","27,40","27,70","27,01","90,02M","1,56%"
"31.05.2021","26,87","26,96","27,20","26,78","46,03M","-0,44%"
"28.05.2021","26,99","26,20","27,02","26,15","128,99M","4,17%"
"27.05.2021","25,91","26,08","26,25","25,77","48,45M","-0,69%"
"26.05.2021","26,09","25,91","26,18","25,65","46,25M","0,97%"
"25.05.2021","25,84","26,48","26,62","25,78","63,21M","-2,08%"
"24.05.2021","26,39","26,28","26,52","25,99","62,78M","1,70%"
"21.05.2021","25,95","26,08","26,31","25,94","81,34M","0,08%"
"20.05.2021","25,93","26,15","26,28","25,72","70,99M","-0,84%"
"19.05.2021","26,15","25,85","26,35","25,80","84,35M","-0,76%"
"18.05.2021","26,35","26,70","26,80","26,27","62,02M","-1,16%"
"17.05.2021","26,66","26,30","26,66","26,20","82,94M","1,45%"
"14.05.2021","26,28","25,80","26,38","25,55","195,81M","5,16%"
"13.05.2021","24,99","24,76","25,10","24,43","76,72M","0,85%"
"12.05.2021","24,78","24,95","25,53","24,69","89,35M","-1,47%"
"11.05.2021","25,15","24,44","25,17","24,32","73,36M","1,82%"
"10.05.2021","24,70","24,80","24,98","24,58","73,59M","1,31%"
"07.05.2021","24,38","23,64","24,45","23,46","73,69M","3,74%"
"06.05.2021","23,50","23,71","23,85","23,40","53,65M","-1,38%"
"05.05.2021","23,83","23,17","23,95","23,12","75,38M","4,11%"
"04.05.2021","22,89","23,54","23,64","22,88","43,71M","-2,30%"
"03.05.2021","23,43","23,80","23,81","23,30","47,97M","-0,80%"
"30.04.2021","23,62","23,40","23,93","23,28","60,38M","0,00%"
"29.04.2021","23,62","24,12","24,29","23,42","49,20M","-1,34%"
"28.04.2021","23,94","23,40","24,09","23,36","65,86M","3,64%"
"27.04.2021","23,10","23,82","24,17","23,10","75,80M","-2,86%"
"26.04.2021","23,78","23,85","24,05","23,61","33,02M","0,38%"
"23.04.2021","23,69","23,88","23,94","23,51","59,82M","-0,08%"
"22.04.2021","23,71","24,14","24,19","23,65","46,19M","-0,46%"
"20.04.2021","23,82","24,33","24,59","23,76","93,94M","-1,89%"
"19.04.2021","24,28","22,95","24,89","22,77","195,00M","5,80%"
"16.04.2021","22,95","23,13","23,24","22,81","59,15M","-0,61%"
"15.04.2021","23,09","23,70","23,83","23,02","63,51M","-5,17%"
"14.04.2021","24,35","24,20","24,58","23,98","90,29M","1,59%"
"13.04.2021","23,97","23,98","24,11","23,69","52,78M","0,33%"
"12.04.2021","23,89","23,96","24,37","23,78","50,14M","1,01%"
"09.04.2021","23,65","23,50","23,78","23,37","46,82M","-0,21%"
"08.04.2021","23,70","23,98","24,04","23,37","62,74M","-1,25%"
"07.04.2021","24,00","23,94","24,34","23,93","55,07M","-0,08%"
"06.04.2021","24,02","24,18","24,37","23,91","45,51M","-0,08%"
"05.04.2021","24,04","24,13","24,20","23,68","40,18M","0,63%"
"01.04.2021","23,89","24,29","24,39","23,78","46,75M","-0,87%"
"31.03.2021","24,10","23,80","24,23","23,78","68,27M","1,13%"
"30.03.2021","23,83","23,64","23,99","23,57","40,70M","0,00%"
"29.03.2021","23,83","23,34","23,83","23,28","49,67M","1,58%"
"26.03.2021","23,46","23,48","23,88","23,11","60,63M","1,12%"
"25.03.2021","23,20","22,70","23,30","22,16","78,84M","1,67%"
"24.03.2021","22,82","23,19","23,54","22,82","62,21M","0,09%"
"23.03.2021","22,80","23,17","23,63","22,80","56,43M","-3,06%"
"22.03.2021","23,52","23,69","23,78","23,23","43,73M","-2,00%"
"19.03.2021","24,00","23,27","24,04","23,18","89,62M","3,27%"
"18.03.2021","23,24","23,88","23,90","23,07","76,65M","-3,49%"
"17.03.2021","24,08","23,14","24,13","23,11","77,63M","3,44%"
"16.03.2021","23,28","23,63","23,68","23,23","43,12M","-1,56%"
"15.03.2021","23,65","23,11","23,67","23,10","67,54M","2,07%"
"12.03.2021","23,17","23,15","23,38","22,86","68,12M","-0,52%"
"11.03.2021","23,29","22,62","23,49","22,61","130,58M","4,25%"
"10.03.2021","22,34","21,94","22,34","21,58","111,74M","3,47%"
"09.03.2021","21,59","21,36","21,95","20,86","122,55M","2,32%"
"08.03.2021","21,10","21,94","22,28","20,96","141,14M","-5,76%"
"05.03.2021","22,39","22,44","23,22","22,29","126,31M","0,77%"
"04.03.2021","22,22","21,30","22,40","21,12","127,84M","4,86%"
"03.03.2021","21,19","21,80","21,89","20,48","185,69M","-3,64%"
"02.03.2021","21,99","21,84","22,33","20,67","147,77M","-0,05%"
"01.03.2021","22,00","22,80","23,04","21,92","90,33M","-1,08%"
"26.02.2021","22,24","23,20","23,42","21,97","159,88M","-4,10%"
"25.02.2021","23,19","25,00","25,25","23,10","170,15M","-4,96%"
"24.02.2021","24,40","24,55","25,00","24,01","155,25M","1,41%"
"23.02.2021","24,06","23,05","24,26","22,71","293,50M","12,17%"
"22.02.2021","21,45","22,80","23,20","21,40","490,23M","-21,51%"
"19.02.2021","27,33","28,03","28,49","27,17","215,83M","-6,63%"
"18.02.2021","29,27","30,38","30,92","29,04","105,54M","-1,08%"
"17.02.2021","29,59","28,52","29,60","28,13","54,97M","4,04%"
"12.02.2021","28,44","27,81","28,49","27,61","47,80M","1,28%"
"11.02.2021","28,08","28,14","28,50","27,87","61,16M","1,01%"
"10.02.2021","27,80","27,74","28,04","27,12","52,95M","0,94%"
"09.02.2021","27,54","28,05","28,37","27,38","63,66M","-2,03%"
"08.02.2021","28,11","28,51","29,30","27,80","98,82M","-3,14%"
"05.02.2021","29,02","28,98","30,09","28,32","121,10M","0,69%"
"04.02.2021","28,82","28,83","28,99","28,21","41,44M","-0,10%"
"03.02.2021","28,85","28,98","29,14","28,66","51,77M","0,66%"
"02.02.2021","28,66","28,40","29,14","28,20","91,66M","4,10%"
"01.02.2021","27,53","27,26","27,68","26,83","44,45M","3,15%"
"29.01.2021","26,69","27,52","27,68","26,69","67,56M","-3,85%"
"28.01.2021","27,76","27,32","28,45","27,31","67,83M","1,39%"
"27.01.2021","27,38","26,81","28,17","26,53","68,34M","1,41%"
"26.01.2021","27,00","27,25","27,97","26,82","64,51M","-0,33%"
"22.01.2021","27,09","26,93","27,24","26,56","51,18M","-1,67%"
"21.01.2021","27,55","28,02","28,40","27,51","41,28M","-2,34%"
"20.01.2021","28,21","28,95","29,12","28,11","60,31M","-1,67%"
"19.01.2021","28,69","28,48","28,86","27,64","61,65M","2,21%"
"18.01.2021","28,07","28,31","28,85","28,01","68,86M","-0,18%"
"15.01.2021","28,12","29,05","29,08","28,03","80,67M","-4,52%"
"14.01.2021","29,45","29,17","29,67","28,72","50,73M","1,03%"
"13.01.2021","29,15","30,68","30,86","29,00","93,83M","-4,83%"
"12.01.2021","30,63","31,12","31,56","30,63","65,69M","-0,75%"
"11.01.2021","30,86","30,61","31,06","30,40","48,74M","-0,84%"
"08.01.2021","31,12","31,46","31,76","30,35","67,14M","0,39%"
"07.01.2021","31,00","30,34","31,15","30,34","56,16M","3,09%"
"06.01.2021","30,07","30,16","30,90","30,05","96,56M","0,10%"
"05.01.2021","30,04","28,90","30,18","28,24","95,18M","3,91%"
"04.01.2021","28,91","28,65","29,18","28,53","74,72M","2,01%"
"30.12.2020","28,34","28,35","28,49","28,20","36,97M","0,25%"
"29.12.2020","28,27","28,38","28,43","27,99","29,89M","0,32%"
"28.12.2020","28,18","28,36","28,52","28,18","36,31M","0,82%"
"23.12.2020","27,95","27,43","28,25","27,35","49,04M","2,46%"
"22.12.2020","27,28","27,20","27,47","27,05","46,51M","0,96%"
"21.12.2020","27,02","27,19","27,49","26,52","99,99M","-3,84%"
"18.12.2020","28,10","28,10","28,32","28,02","44,71M","-0,50%"
"17.12.2020","28,24","28,30","28,39","28,07","39,15M","0,18%"
"16.12.2020","28,19","27,85","28,24","27,47","59,40M","1,22%"
"15.12.2020","27,85","27,80","27,99","27,64","47,21M","0,83%"
"14.12.2020","27,62","28,03","28,27","27,62","53,16M","0,18%"
"11.12.2020","27,57","27,49","27,84","27,28","48,33M","-0,90%"
"10.12.2020","27,82","27,19","28,20","27,13","97,54M","3,27%"
"09.12.2020","26,94","26,63","26,97","26,40","52,45M","1,05%"
"08.12.2020","26,66","26,81","27,14","26,46","46,28M","-1,26%"
"07.12.2020","27,00","27,27","27,79","26,67","72,66M","-1,93%"
"04.12.2020","27,53","27,19","27,57","27,06","61,65M","3,34%"
"03.12.2020","26,64","26,15","26,89","26,05","62,42M","2,82%"
"02.12.2020","25,91","25,60","26,50","25,33","88,09M","1,21%"
"01.12.2020","25,60","25,40","25,77","25,29","58,87M","2,81%"
"30.11.2020","24,90","25,26","25,88","24,84","90,21M","-2,35%"
"27.11.2020","25,50","25,92","26,06","25,45","49,86M","-1,24%"
"26.11.2020","25,82","25,94","25,95","25,56","41,94M","-1,64%"
"25.11.2020","26,25","26,20","26,50","25,67","73,97M","0,11%"
"24.11.2020","26,22","25,64","26,67","25,64","153,29M","4,46%"
"23.11.2020","25,10","24,05","25,10","24,04","125,65M","6,13%"
"20.11.2020","23,65","23,84","23,99","23,47","38,14M","-0,71%"
"19.11.2020","23,82","23,55","23,94","23,37","65,38M","1,15%"
"18.11.2020","23,55","23,99","24,13","23,55","68,54M","-0,59%"
"17.11.2020","23,69","23,05","24,14","22,98","94,08M","1,72%"
"16.11.2020","23,29","23,20","23,63","23,13","101,58M","2,92%"
"13.11.2020","22,63","22,02","22,80","21,89","66,07M","3,29%"
"12.11.2020","21,91","22,74","22,82","21,77","77,28M","-4,24%"
"11.11.2020","22,88","23,35","23,36","22,40","93,07M","-0,87%"
"10.11.2020","23,08","21,89","23,15","21,81","163,59M","6,80%"
"09.11.2020","21,61","21,11","22,69","21,04","164,90M","9,42%"
"06.11.2020","19,75","19,55","19,95","19,54","37,27M","-0,70%"
"05.11.2020","19,89","19,95","19,99","19,72","40,87M","0,86%"
"04.11.2020","19,72","20,01","20,07","19,27","65,78M","0,36%"
"03.11.2020","19,65","19,51","19,90","19,33","66,29M","3,75%"
"30.10.2020","18,94","19,14","19,54","18,87","63,58M","-1,81%"
"29.10.2020","19,29","18,43","19,37","17,74","85,50M","3,32%"
"28.10.2020","18,67","19,35","19,44","18,67","78,43M","-6,09%"
"27.10.2020","19,88","20,26","20,37","19,81","47,47M","-1,83%"
"26.10.2020","20,25","20,33","20,53","20,03","57,57M","-1,56%"
"23.10.2020","20,57","20,94","21,14","20,54","61,33M","-1,30%"
"22.10.2020","20,84","20,10","20,84","20,05","98,36M","3,37%"
"21.10.2020","20,16","20,16","20,33","19,83","60,20M","-0,10%"
"20.10.2020","20,18","19,67","20,27","19,59","68,01M","3,38%"
"19.10.2020","19,52","19,41","19,94","19,25","107,22M","0,98%"
"16.10.2020","19,33","19,67","19,71","19,32","49,14M","-2,13%"
"15.10.2020","19,75","19,62","19,77","19,44","56,25M","-1,10%"
"14.10.2020","19,97","20,09","20,37","19,97","43,91M","-0,79%"
"13.10.2020","20,13","19,91","20,13","19,73","54,83M","1,67%"
"09.10.2020","19,80","20,34","20,39","19,80","67,29M","-3,13%"
"08.10.2020","20,44","20,04","20,59","19,86","77,72M","3,28%"
"07.10.2020","19,79","20,00","20,05","19,56","52,97M","-0,70%"
"06.10.2020","19,93","20,47","20,70","19,93","76,27M","-0,50%"
"05.10.2020","20,03","19,36","20,16","19,24","72,63M","5,31%"
"02.10.2020","19,02","19,73","19,74","19,02","83,73M","-4,18%"
"01.10.2020","19,85","19,64","20,06","19,13","76,06M","1,22%"
"30.09.2020","19,61","19,50","20,04","19,43","68,79M","1,55%"
"29.09.2020","19,31","19,63","19,86","19,25","52,49M","-1,63%"
"28.09.2020","19,63","20,33","20,56","19,63","48,20M","-2,48%"
"25.09.2020","20,13","20,15","20,26","19,87","39,91M","-1,32%"
"24.09.2020","20,40","20,24","20,71","20,06","76,03M","0,84%"
"23.09.2020","20,23","20,80","20,96","20,20","56,40M","-2,74%"
"22.09.2020","20,80","20,96","21,35","20,75","46,69M","-0,48%"
"21.09.2020","20,90","21,29","21,46","20,81","72,73M","-3,46%"
"18.09.2020","21,65","21,99","22,15","21,55","63,61M","-2,26%"
"17.09.2020","22,15","21,51","22,17","21,46","59,98M","1,93%"
"16.09.2020","21,73","21,85","21,99","21,60","50,03M","0,28%"
"15.09.2020","21,67","21,98","22,08","21,55","58,19M","-0,05%"
"14.09.2020","21,68","21,94","21,98","21,43","45,77M","-0,91%"
"11.09.2020","21,88","22,12","22,26","21,75","70,48M","-1,08%"
"10.09.2020","22,12","22,58","22,58","22,11","57,04M","-2,68%"
"09.09.2020","22,73","22,49","22,77","22,49","41,88M","2,11%"
"08.09.2020","22,26","22,50","22,50","21,91","74,10M","-2,88%"
"04.09.2020","22,92","23,00","23,03","22,58","51,91M","0,17%"
"03.09.2020","22,88","22,61","23,12","22,57","87,43M","0,35%"
"02.09.2020","22,80","22,93","23,10","22,52","53,15M","-0,31%"
"01.09.2020","22,87","22,20","22,89","22,12","65,90M","4,48%"
"31.08.2020","21,89","22,32","22,43","21,89","47,68M","-2,88%"
"28.08.2020","22,54","22,25","22,54","22,06","30,66M","1,76%"
"27.08.2020","22,15","22,32","22,47","22,04","34,93M","-0,32%"
"26.08.2020","22,22","22,78","22,90","22,04","69,15M","-2,84%"
"25.08.2020","22,87","23,09","23,15","22,69","37,57M","-0,44%"
"24.08.2020","22,97","22,86","23,13","22,80","51,45M","1,82%"
"21.08.2020","22,56","22,54","22,63","22,35","38,24M","-0,75%"
"20.08.2020","22,73","22,52","22,87","22,35","54,78M","-0,70%"
"19.08.2020","22,89","22,95","23,32","22,75","51,57M","-0,56%"
"18.08.2020","23,02","22,93","23,24","22,77","49,01M","1,86%"
"17.08.2020","22,60","22,68","22,84","22,15","51,69M","-0,31%"
"14.08.2020","22,67","22,77","22,98","22,53","38,15M","-0,74%"
"13.08.2020","22,84","23,45","23,58","22,71","44,08M","-2,73%"
"12.08.2020","23,48","23,36","23,68","23,08","66,47M","1,73%"
"11.08.2020","23,08","23,71","23,88","23,06","66,05M","-1,58%"
"10.08.2020","23,45","22,90","23,45","22,64","52,09M","2,90%"
"07.08.2020","22,79","22,86","22,91","22,55","55,69M","-1,85%"
"06.08.2020","23,22","23,28","23,53","23,01","56,09M","0,17%"
"05.08.2020","23,18","22,23","23,28","22,23","136,72M","6,43%"
"04.08.2020","21,78","21,46","22,05","21,25","62,52M","-0,09%"
"03.08.2020","21,80","22,54","22,55","21,72","62,84M","-1,80%"
"31.07.2020","22,20","22,92","23,14","22,16","74,90M","-2,72%"
"30.07.2020","22,82","22,92","22,92","22,50","57,40M","-1,51%"
"29.07.2020","23,17","23,03","23,25","22,92","43,66M","1,62%"
"28.07.2020","22,80","23,04","23,32","22,80","47,67M","-1,72%"
"27.07.2020","23,20","22,87","23,25","22,45","56,26M","2,07%"
"24.07.2020","22,73","22,54","23,06","22,42","42,78M","0,71%"
"23.07.2020","22,57","23,16","23,23","22,54","63,72M","-2,08%"
"22.07.2020","23,05","23,30","23,41","23,01","42,83M","-1,37%"
"21.07.2020","23,37","23,15","23,60","23,14","101,16M","2,77%"
"20.07.2020","22,74","22,70","22,91","22,52","48,37M","0,00%"
"17.07.2020","22,74","22,83","23,03","22,58","49,42M","0,09%"
"16.07.2020","22,72","23,16","23,28","22,52","69,01M","-2,66%"
"15.07.2020","23,34","23,20","23,43","22,85","58,11M","1,92%"
"14.07.2020","22,90","22,13","22,96","21,86","88,80M","3,34%"
"13.07.2020","22,16","22,61","22,65","22,16","54,70M","-1,55%"
"10.07.2020","22,51","22,19","22,65","22,06","56,92M","1,67%"
"09.07.2020","22,14","22,78","22,81","22,06","56,60M","-2,25%"
"08.07.2020","22,65","22,45","22,76","22,40","48,73M","1,89%"
"07.07.2020","22,23","22,34","22,47","22,14","46,33M","-1,24%"
"06.07.2020","22,51","22,39","22,86","22,31","57,60M","2,41%"
"03.07.2020","21,98","21,95","22,18","21,80","23,64M","-0,36%"
"02.07.2020","22,06","22,10","22,21","21,86","55,97M","1,61%"
"01.07.2020","21,71","21,75","22,25","21,52","78,53M","0,74%"
"30.06.2020","21,55","21,34","21,80","21,09","64,52M","-0,51%"
"29.06.2020","21,66","21,10","21,66","20,93","59,39M","3,93%"
"26.06.2020","20,84","21,21","21,47","20,78","54,47M","-2,93%"
"25.06.2020","21,47","20,91","21,47","20,73","46,88M","2,24%"
"24.06.2020","21,00","21,49","21,56","20,71","64,93M","-3,00%"
"23.06.2020","21,65","21,22","22,07","21,14","78,52M","3,34%"
"22.06.2020","20,95","21,60","21,60","20,90","44,56M","-2,42%"
"19.06.2020","21,47","22,00","22,22","21,22","90,35M","-0,60%"
"18.06.2020","21,60","21,18","21,77","21,08","56,62M","0,75%"
"17.06.2020","21,44","21,48","21,85","21,15","62,47M","0,33%"
"16.06.2020","21,37","21,56","21,91","21,17","94,17M","3,24%"
"15.06.2020","20,70","19,81","21,09","19,54","99,37M","0,49%"
"12.06.2020","20,60","20,62","21,17","20,10","116,29M","-3,74%"
"10.06.2020","21,40","21,89","21,90","21,00","102,04M","-1,47%"
"09.06.2020","21,72","22,03","22,04","21,64","95,48M","-3,60%"
"08.06.2020","22,53","22,55","22,59","22,01","81,48M","1,95%"
"05.06.2020","22,10","22,29","23,03","22,06","113,41M","3,13%"
"04.06.2020","21,43","21,39","21,78","21,04","106,93M","-0,19%"
"03.06.2020","21,47","21,86","21,91","21,41","85,62M","0,33%"
"02.06.2020","21,40","20,75","21,40","20,60","76,09M","5,26%"
"01.06.2020","20,33","20,15","20,56","20,00","86,10M","-0,05%"
"29.05.2020","20,34","19,55","20,34","19,30","127,22M","2,88%"
"28.05.2020","19,77","19,69","20,08","19,45","64,40M","-0,80%"
"27.05.2020","19,93","19,80","19,93","19,15","74,31M","1,32%"
"26.05.2020","19,67","19,98","20,09","19,33","68,29M","0,98%"
"25.05.2020","19,48","19,48","19,56","19,26","37,58M","4,34%"
"22.05.2020","18,67","18,80","18,90","18,35","68,84M","-2,71%"
"21.05.2020","19,19","19,50","19,77","19,07","80,92M","-0,57%"
"20.05.2020","19,30","19,09","19,44","19,06","74,12M","3,32%"
"19.05.2020","18,68","18,51","18,93","18,41","79,69M","0,76%"
"18.05.2020","18,54","18,10","18,54","17,92","116,00M","8,10%"
"15.05.2020","17,15","17,99","18,19","17,15","132,87M","-1,44%"
"14.05.2020","17,40","17,40","17,47","16,72","118,69M","-1,08%"
"13.05.2020","17,59","18,26","18,35","17,52","86,70M","-3,03%"
"12.05.2020","18,14","18,53","18,83","18,13","70,45M","-0,06%"
"11.05.2020","18,15","18,30","18,93","18,11","64,54M","-1,79%"
"08.05.2020","18,48","17,74","18,58","17,71","82,59M","5,96%"
"07.05.2020","17,44","17,75","17,87","17,35","80,91M","0,93%"
"06.05.2020","17,28","17,87","18,06","17,28","66,94M","-3,68%"
"05.05.2020","17,94","17,90","18,48","17,87","74,53M","3,22%"
"04.05.2020","17,38","17,43","17,62","17,18","59,67M","-3,71%"
"30.04.2020","18,05","17,98","18,42","17,70","79,40M","-0,82%"
"29.04.2020","18,20","17,80","18,48","17,53","94,05M","5,51%"
"28.04.2020","17,25","17,04","17,25","16,63","91,14M","4,86%"
"27.04.2020","16,45","16,14","16,53","15,78","85,57M","3,13%"
"24.04.2020","15,95","16,69","16,79","15,28","160,18M","-5,90%"
"23.04.2020","16,95","17,20","17,43","16,62","94,32M","1,19%"
"22.04.2020","16,75","15,85","16,75","15,78","114,26M","5,02%"
"20.04.2020","15,95","15,48","16,33","15,34","132,87M","-1,12%"
"17.04.2020","16,13","15,75","16,13","15,56","116,22M","2,61%"
"16.04.2020","15,72","16,67","16,76","15,53","113,22M","-4,03%"
"15.04.2020","16,38","16,04","16,47","15,86","86,29M","-2,09%"
"14.04.2020","16,73","17,02","17,30","16,61","90,49M","-1,18%"
"13.04.2020","16,93","16,82","17,09","16,33","93,26M","0,65%"
"09.04.2020","16,82","17,94","18,69","16,50","184,87M","-2,89%"
"08.04.2020","17,32","16,50","17,53","16,40","114,58M","5,61%"
"07.04.2020","16,40","16,61","17,07","16,34","139,72M","3,99%"
"06.04.2020","15,77","16,05","16,10","15,18","122,54M","2,80%"
"03.04.2020","15,34","16,30","16,36","14,93","142,01M","-1,10%"
"02.04.2020","15,51","15,40","16,55","15,01","233,81M","8,46%"
"01.04.2020","14,30","13,45","14,55","13,32","113,48M","2,22%"
"31.03.2020","13,99","13,60","14,54","13,60","155,31M","4,56%"
"30.03.2020","13,38","13,15","13,74","12,83","110,53M","0,60%"
"27.03.2020","13,30","13,30","13,69","13,25","100,33M","-7,57%"
"26.03.2020","14,39","14,40","15,19","13,81","129,59M","0,49%"
"25.03.2020","14,32","13,24","14,79","12,83","157,33M","8,08%"
"24.03.2020","13,25","12,57","13,54","12,28","113,40M","15,22%"
"23.03.2020","11,50","12,11","12,18","11,28","106,11M","-4,17%"
"20.03.2020","12,00","13,11","13,50","11,83","148,24M","-1,72%"
"19.03.2020","12,21","11,07","13,07","10,85","155,41M","8,15%"
"18.03.2020","11,29","11,79","12,29","10,87","161,41M","-13,15%"
"17.03.2020","13,00","13,60","13,84","13,00","148,05M","-0,69%"
"16.03.2020","13,09","12,91","14,10","12,55","125,35M","-15,00%"
"13.03.2020","15,40","15,10","15,40","12,70","173,05M","22,22%"
"12.03.2020","12,60","13,66","13,86","11,08","149,99M","-20,50%"
"11.03.2020","15,85","16,70","17,13","15,00","129,76M","-9,74%"
"10.03.2020","17,56","18,65","18,65","16,37","169,49M","9,41%"
"09.03.2020","16,05","17,81","18,23","15,41","252,82M","-29,70%"
"06.03.2020","22,83","24,10","24,13","22,55","138,60M","-9,73%"
"05.03.2020","25,29","26,33","26,67","24,71","69,72M","-5,95%"
"04.03.2020","26,89","26,91","26,94","26,24","42,32M","3,22%"
"03.03.2020","26,05","26,57","27,48","25,76","86,86M","-1,81%"
"02.03.2020","26,53","25,50","26,75","25,48","71,60M","4,70%"
"28.02.2020","25,34","25,16","25,56","24,62","89,10M","0,16%"
"27.02.2020","25,30","25,72","26,53","24,89","100,11M","-3,47%"
"26.02.2020","26,21","27,04","27,39","26,03","89,21M","-10,05%"
"21.02.2020","29,14","29,51","29,68","29,03","47,81M","-2,61%"
"20.02.2020","29,92","30,80","30,89","29,75","73,52M","-2,06%"
"19.02.2020","30,55","29,87","30,55","29,76","44,18M","2,69%"
"18.02.2020","29,75","29,06","29,77","28,95","33,89M","1,33%"
"17.02.2020","29,36","29,63","29,77","29,31","38,68M","-0,20%"
"14.02.2020","29,42","29,86","29,96","29,34","30,40M","-1,01%"
"13.02.2020","29,72","29,77","30,21","29,64","55,28M","-1,36%"
"12.02.2020","30,13","29,64","30,28","29,63","64,85M","2,20%"
"11.02.2020","29,48","29,40","29,63","29,26","37,52M","1,20%"
"10.02.2020","29,13","28,89","29,13","28,64","45,33M","0,69%"
"07.02.2020","28,93","29,00","29,35","28,73","54,51M","-0,86%"
"06.02.2020","29,18","28,70","29,51","28,12","126,11M","2,78%"
"05.02.2020","28,39","29,05","29,22","28,39","67,99M","-0,84%"
"04.02.2020","28,63","28,65","29,04","28,56","57,66M","1,60%"
"03.02.2020","28,18","28,52","28,73","28,16","39,45M","-0,95%"
"31.01.2020","28,45","28,63","28,84","28,31","55,45M","-1,69%"
"30.01.2020","28,94","28,28","29,04","28,18","44,27M","0,31%"
"29.01.2020","28,85","29,00","29,08","28,67","42,30M","0,17%"
"28.01.2020","28,80","28,43","29,14","28,42","47,26M","2,75%"
"27.01.2020","28,03","28,63","28,64","27,67","66,11M","-4,33%"
"24.01.2020","29,30","29,56","29,78","29,14","36,90M","-1,01%"
"23.01.2020","29,60","29,09","29,76","28,82","53,75M","1,06%"
"22.01.2020","29,29","29,73","29,81","29,27","32,49M","-1,11%"
"21.01.2020","29,62","29,80","29,94","29,55","28,58M","-1,27%"
"20.01.2020","30,00","29,70","30,10","29,65","31,24M","0,50%"
"17.01.2020","29,85","29,72","29,85","29,54","34,91M","1,12%"
"16.01.2020","29,52","29,60","29,70","29,33","29,00M","-0,10%"
"15.01.2020","29,55","29,90","29,93","29,54","34,41M","-1,50%"
"14.01.2020","30,00","30,23","30,27","29,77","39,80M","-1,09%"
"13.01.2020","30,33","30,35","30,43","30,21","30,68M","0,20%"
"10.01.2020","30,27","30,39","30,44","30,13","25,40M","-0,43%"
"09.01.2020","30,40","30,47","30,62","30,25","36,10M","-0,33%"
"08.01.2020","30,50","30,69","30,77","30,24","48,22M","-0,62%"
"07.01.2020","30,69","30,82","30,88","30,47","32,82M","-0,39%"
"06.01.2020","30,81","30,43","30,94","29,95","81,84M","1,18%"
"03.01.2020","30,45","30,88","31,24","30,45","71,60M","-0,81%"
"02.01.2020","30,70","30,51","30,70","30,31","37,77M","1,72%"
"30.12.2019","30,18","30,55","30,71","30,15","22,11M","-1,11%"
"27.12.2019","30,52","30,69","30,92","30,29","25,00M","0,10%"
"26.12.2019","30,49","30,17","30,51","30,08","24,81M","1,34%"
"23.12.2019","30,08","29,78","30,08","29,62","21,97M","0,79%"
"20.12.2019","29,85","30,18","30,18","29,61","93,06M","-1,14%"
"19.12.2019","30,19","30,04","30,33","30,01","39,70M","0,23%"
"18.12.2019","30,12","29,35","30,15","29,30","64,20M","2,31%"
"17.12.2019","29,44","29,24","29,49","29,03","40,68M","1,50%"
"16.12.2019","29,01","29,64","29,76","29,01","68,87M","-1,90%"
"13.12.2019","29,57","30,47","30,55","29,46","105,00M","-3,20%"
"12.12.2019","30,55","30,22","30,63","30,07","47,80M","1,88%"
"11.12.2019","29,99","30,09","30,29","29,85","38,46M","-0,13%"
"10.12.2019","30,03","29,69","30,03","29,49","27,53M","0,76%"
"09.12.2019","29,80","29,89","30,07","29,71","34,69M","-0,46%"
"06.12.2019","29,94","29,74","30,17","29,72","44,35M","1,00%"
"05.12.2019","29,64","29,24","29,98","29,12","50,45M","1,31%"
"04.12.2019","29,26","28,86","29,26","28,71","44,96M","2,35%"
"03.12.2019","28,59","28,77","28,79","28,34","29,19M","-0,31%"
"02.12.2019","28,67","29,00","29,10","28,67","31,35M","-0,27%"
"29.11.2019","28,75","29,09","29,16","28,62","37,70M","-1,29%"
"28.11.2019","29,13","28,92","29,14","28,42","46,60M","0,68%"
"27.11.2019","28,93","28,95","29,25","28,74","33,07M","0,48%"
"26.11.2019","28,79","29,22","29,33","28,70","54,15M","-1,82%"
"25.11.2019","29,33","29,51","29,69","29,23","29,87M","-0,83%"
"22.11.2019","29,57","29,36","29,93","29,16","34,79M","0,44%"
"21.11.2019","29,44","28,54","29,44","28,49","53,03M","3,72%"
"19.11.2019","28,39","28,85","29,09","28,34","33,74M","-1,03%"
"18.11.2019","28,68","29,30","29,44","28,67","54,47M","-0,75%"
"14.11.2019","28,90","29,47","29,69","28,87","44,60M","-2,01%"
"13.11.2019","29,49","29,54","29,72","29,21","41,83M","-0,40%"
"12.11.2019","29,61","29,63","30,19","29,60","41,66M","-0,76%"
"11.11.2019","29,84","29,25","29,84","29,19","30,57M","1,43%"
"08.11.2019","29,42","29,84","30,17","29,33","61,57M","-2,85%"
"07.11.2019","30,28","29,40","30,45","28,95","96,33M","4,01%"
"06.11.2019","29,11","29,45","30,08","27,54","154,00M","0,20%"
"05.11.2019","29,05","29,80","29,99","28,99","92,98M","-2,34%"
"04.11.2019","29,75","30,27","30,59","29,36","81,02M","-0,23%"
"01.11.2019","29,82","29,98","30,60","29,24","100,85M","0,13%"
"31.10.2019","29,78","29,26","29,85","29,04","66,62M","1,03%"
"30.10.2019","29,48","29,17","29,49","28,88","62,69M","0,87%"
"29.10.2019","29,22","28,81","29,34","28,67","49,75M","0,74%"
"28.10.2019","29,01","28,63","29,06","28,54","37,25M","1,20%"
"25.10.2019","28,66","28,61","28,96","28,43","74,14M","3,28%"
"24.10.2019","27,75","28,56","28,66","27,66","60,12M","-2,18%"
"23.10.2019","28,37","27,96","28,50","27,88","45,78M","1,33%"
"22.10.2019","28,00","27,24","28,10","27,21","63,74M","2,88%"
"21.10.2019","27,21","27,19","27,25","27,05","43,16M","0,62%"
"18.10.2019","27,05","27,33","27,43","27,05","35,74M","-0,22%"
"17.10.2019","27,10","27,37","27,44","27,04","31,06M","-0,97%"
"16.10.2019","27,37","27,00","27,41","26,81","31,31M","1,20%"
"15.10.2019","27,05","26,76","27,32","26,76","30,11M","1,06%"
"14.10.2019","26,76","26,50","26,78","26,40","20,67M","0,18%"
"11.10.2019","26,71","26,39","26,81","26,39","36,83M","1,94%"
"10.10.2019","26,20","26,06","26,34","26,01","30,71M","0,83%"
"09.10.2019","25,99","25,82","26,17","25,62","34,87M","1,92%"
"08.10.2019","25,50","25,64","25,91","25,43","30,14M","-0,57%"
"07.10.2019","25,64","25,84","26,07","25,58","26,06M","-1,28%"
"04.10.2019","25,98","26,31","26,38","25,74","47,66M","-0,86%"
"03.10.2019","26,20","26,21","26,27","25,75","45,84M","0,07%"
"02.10.2019","26,18","26,67","26,71","26,08","50,90M","-2,87%"
"01.10.2019","26,96","27,05","27,17","26,81","32,22M","-0,15%"
"30.09.2019","27,00","27,01","27,08","26,85","22,98M","-0,40%"
"27.09.2019","27,10","27,00","27,39","26,97","31,82M","-0,14%"
"26.09.2019","27,14","26,85","27,14","26,68","33,47M","1,32%"
"25.09.2019","26,79","26,49","26,80","26,24","28,96M","0,26%"
"24.09.2019","26,72","26,87","26,99","26,60","36,53M","-0,76%"
"23.09.2019","26,93","26,46","26,94","26,38","32,51M","1,78%"
"20.09.2019","26,46","26,80","26,88","26,46","51,58M","-1,06%"
"19.09.2019","26,74","27,27","27,29","26,67","41,98M","0,26%"
"18.09.2019","26,67","26,82","26,94","26,67","40,14M","-1,70%"
"17.09.2019","27,13","27,10","27,19","26,61","67,14M","-1,32%"
"16.09.2019","27,50","27,56","27,67","27,13","166,97M","4,39%"
"13.09.2019","26,34","26,58","26,65","26,28","24,53M","-0,67%"
"12.09.2019","26,52","26,32","26,59","26,10","40,66M","0,71%"
"11.09.2019","26,33","26,80","26,80","26,29","51,21M","-0,85%"
"10.09.2019","26,56","26,51","26,80","26,24","43,96M","0,63%"
"09.09.2019","26,39","26,21","26,48","26,16","37,12M","1,55%"
"06.09.2019","25,99","25,87","26,32","25,67","48,34M","0,49%"
"05.09.2019","25,86","26,07","26,25","25,81","48,38M","0,50%"
"04.09.2019","25,73","25,63","25,84","25,48","56,00M","2,58%"
"03.09.2019","25,09","24,61","25,14","24,53","47,62M","1,19%"
"02.09.2019","24,79","24,88","25,07","24,74","18,95M","-0,78%"
"30.08.2019","24,99","25,02","25,17","24,66","54,53M","0,00%"
"29.08.2019","24,99","24,40","24,99","24,18","60,65M","3,70%"
"28.08.2019","24,10","23,71","24,20","23,64","41,69M","1,03%"
"27.08.2019","23,85","23,68","24,32","23,33","70,23M","1,59%"
"26.08.2019","23,48","24,09","24,18","23,29","38,19M","-1,32%"
"23.08.2019","23,79","24,28","24,86","23,74","57,80M","-3,73%"
"22.08.2019","24,71","24,99","25,20","24,65","40,52M","-0,90%"
"21.08.2019","24,94","23,86","25,47","23,69","87,26M","5,95%"
"20.08.2019","23,54","23,43","23,70","23,20","36,65M","-0,04%"
"19.08.2019","23,55","23,81","24,01","23,37","50,50M","0,50%"
"16.08.2019","23,43","24,22","24,27","23,41","55,86M","-1,32%"
"15.08.2019","23,74","24,49","24,50","23,66","53,31M","-2,77%"
"14.08.2019","24,42","24,75","24,87","24,28","53,99M","-3,37%"
"13.08.2019","25,27","24,85","25,61","24,72","45,14M","1,34%"
"12.08.2019","24,94","25,20","25,20","24,83","35,74M","-2,40%"
"09.08.2019","25,55","25,57","25,95","25,38","36,41M","-0,27%"
"08.08.2019","25,62","25,38","25,62","25,14","50,06M","2,93%"
"07.08.2019","24,89","24,73","25,02","24,31","67,44M","-1,08%"
"06.08.2019","25,16","25,18","25,49","24,97","43,89M","1,29%"
"05.08.2019","24,84","25,08","25,41","24,81","47,73M","-3,66%"
"02.08.2019","25,78","25,64","26,14","25,55","63,72M","3,59%"
"01.08.2019","24,89","25,57","25,82","24,46","91,21M","-1,84%"
"31.07.2019","25,36","25,66","25,77","25,30","39,67M","-0,61%"
"30.07.2019","25,51","25,62","25,76","25,45","38,01M","-0,53%"
"29.07.2019","25,65","25,49","25,71","25,24","26,28M","0,92%"
"26.07.2019","25,42","26,06","26,06","25,38","75,14M","-2,79%"
"25.07.2019","26,14","26,71","26,74","26,07","26,71M","-1,68%"
"24.07.2019","26,59","26,83","26,87","26,54","27,81M","-0,62%"
"23.07.2019","26,76","26,75","26,86","26,64","21,04M","0,11%"
"22.07.2019","26,73","26,85","26,98","26,60","22,10M","0,18%"
"19.07.2019","26,68","26,74","26,83","26,61","28,18M","-0,25%"
"18.07.2019","26,75","26,99","27,04","26,67","35,49M","-0,61%"
"17.07.2019","26,91","27,21","27,22","26,87","28,77M","-0,54%"
"16.07.2019","27,06","27,50","27,54","26,83","54,59M","-1,24%"
"15.07.2019","27,40","27,80","27,86","27,40","36,32M","-1,23%"
"12.07.2019","27,74","27,75","27,94","27,62","40,58M","0,46%"
"11.07.2019","27,61","27,42","27,72","27,38","48,10M","1,18%"
"10.07.2019","27,29","27,22","27,49","27,19","50,55M","1,52%"
"08.07.2019","26,88","26,74","26,95","26,68","24,98M","0,91%"
"05.07.2019","26,64","26,51","26,83","26,38","27,31M","0,04%"
"04.07.2019","26,63","26,62","26,82","26,56","28,37M","0,96%"
"03.07.2019","26,38","26,29","26,45","26,14","33,82M","1,16%"
"02.07.2019","26,08","26,50","26,50","25,91","57,57M","-1,61%"
"01.07.2019","26,50","27,07","27,25","26,46","46,45M","-0,55%"
"28.06.2019","26,65","26,69","26,84","26,36","39,85M","0,66%"
"27.06.2019","26,48","26,68","26,79","26,26","54,92M","-1,59%"
"26.06.2019","26,90","26,79","27,16","26,76","48,61M","0,58%"
"25.06.2019","26,75","27,36","27,38","26,62","56,18M","-2,62%"
"24.06.2019","27,47","27,53","27,59","27,34","27,27M","-0,11%"
"21.06.2019","27,50","27,18","27,60","27,18","58,28M","2,76%"
"19.06.2019","26,76","26,59","26,83","26,47","32,77M","0,26%"
"18.06.2019","26,69","26,54","26,76","26,49","31,20M","1,25%"
"17.06.2019","26,36","26,33","26,67","26,21","48,74M","0,18%"
"14.06.2019","26,31","26,45","26,49","26,15","42,62M","-0,44%"
"13.06.2019","26,43","26,40","26,63","26,33","48,61M","1,23%"
"12.06.2019","26,11","26,27","26,37","25,90","43,27M","-1,14%"
"11.06.2019","26,41","26,14","26,53","25,97","52,11M","1,91%"
"10.06.2019","25,91","25,86","26,14","25,78","39,53M","-0,41%"
"07.06.2019","26,02","25,95","26,09","25,64","51,96M","1,83%"
"06.06.2019","25,55","25,44","25,89","25,01","87,11M","1,62%"
"05.06.2019","25,14","25,45","25,56","24,85","65,06M","-1,30%"
"04.06.2019","25,47","25,56","25,64","25,31","37,05M","0,81%"
"03.06.2019","25,27","25,16","25,59","25,13","53,22M","1,72%"
"31.05.2019","24,84","25,07","25,54","24,72","62,91M","-2,29%"
"30.05.2019","25,42","25,77","26,12","25,27","71,45M","-1,32%"
"29.05.2019","25,77","25,76","25,97","25,53","42,96M","-1,12%"
"28.05.2019","26,06","25,41","26,06","25,41","60,37M","2,13%"
"27.05.2019","25,51","25,57","25,80","25,44","33,74M","0,57%"
"24.05.2019","25,37","25,42","25,63","25,21","35,76M","0,97%"
"23.05.2019","25,12","25,18","25,20","24,81","49,29M","-1,71%"
"22.05.2019","25,56","25,61","25,74","25,24","48,27M","-0,38%"
"21.05.2019","25,66","24,89","25,66","24,62","57,63M","3,80%"
"20.05.2019","24,72","23,91","24,72","23,87","54,17M","3,40%"
"17.05.2019","23,91","24,26","24,62","23,70","66,82M","-2,33%"
"16.05.2019","24,48","24,96","25,22","24,45","46,19M","-2,36%"
"15.05.2019","25,07","24,93","25,08","24,85","36,69M","-0,46%"
"14.05.2019","25,18","25,35","25,41","25,04","34,86M","0,39%"
"13.05.2019","25,09","25,39","25,64","25,01","42,75M","-2,92%"
"10.05.2019","25,84","26,03","26,07","25,59","33,19M","-0,56%"
"09.05.2019","25,99","26,25","26,27","25,80","46,50M","-1,97%"
"08.05.2019","26,51","25,48","26,61","25,46","71,54M","3,87%"
"07.05.2019","25,52","25,81","25,82","25,30","52,19M","-1,57%"
"06.05.2019","25,93","25,56","25,93","25,53","31,54M","-0,30%"
"03.05.2019","26,01","26,06","26,22","26,01","32,88M","0,45%"
"02.05.2019","25,89","25,96","25,98","25,69","37,62M","-1,40%"
"30.04.2019","26,26","26,66","26,79","26,13","39,27M","-0,95%"
"29.04.2019","26,51","26,69","26,75","26,48","27,54M","0,44%"
"26.04.2019","26,39","26,81","26,90","26,21","52,43M","-1,91%"
"25.04.2019","26,91","26,57","27,17","26,55","54,75M","0,72%"
"24.04.2019","26,72","26,83","27,00","26,34","57,55M","-0,29%"
"23.04.2019","26,79","26,83","27,10","26,79","51,79M","0,87%"
"22.04.2019","26,56","26,80","27,00","26,44","44,82M","-0,58%"
"18.04.2019","26,72","26,48","27,00","26,38","99,89M","3,18%"
"17.04.2019","25,89","26,25","26,46","25,38","103,57M","0,11%"
"16.04.2019","25,86","25,12","26,19","24,81","94,49M","3,05%"
"15.04.2019","25,10","25,51","25,73","24,73","116,78M","0,39%"
"12.04.2019","25,00","25,62","26,11","24,75","227,31M","-7,75%"
"11.04.2019","27,10","27,78","27,78","26,98","55,90M","-2,71%"
"10.04.2019","27,86","28,60","28,62","27,86","61,55M","-1,30%"
"09.04.2019","28,23","28,10","28,30","27,75","43,71M","-0,31%"
"08.04.2019","28,31","28,13","28,45","28,05","54,84M","1,63%"
"05.04.2019","27,86","27,63","27,96","27,31","54,47M","1,09%"
"04.04.2019","27,56","26,88","27,56","26,49","52,01M","3,38%"
"03.04.2019","26,66","27,62","27,64","26,66","54,76M","-2,65%"
"02.04.2019","27,38","27,24","27,39","26,97","37,78M","1,04%"
"01.04.2019","27,10","27,49","27,51","26,98","42,01M","-0,21%"
"29.03.2019","27,16","27,54","27,62","26,85","51,43M","0,00%"
"28.03.2019","27,16","26,38","27,16","26,09","69,19M","2,63%"
"27.03.2019","26,46","27,31","27,31","26,46","64,84M","-4,51%"
"26.03.2019","27,71","26,85","27,76","26,83","91,21M","4,72%"
"25.03.2019","26,46","25,97","26,71","25,96","104,44M","1,26%"
"22.03.2019","26,13","27,04","27,24","26,13","104,03M","-5,46%"
"21.03.2019","27,64","27,92","28,04","27,02","79,97M","-1,42%"
"20.03.2019","28,04","28,26","28,65","27,97","68,21M","-0,79%"
"19.03.2019","28,26","27,93","28,55","27,68","69,09M","1,60%"
"18.03.2019","27,82","27,44","27,87","27,35","91,63M","1,73%"
"15.03.2019","27,34","27,26","27,48","27,21","60,86M","0,21%"
"14.03.2019","27,29","27,25","27,30","27,02","42,50M","0,32%"
"13.03.2019","27,20","26,71","27,23","26,64","60,82M","2,18%"
"12.03.2019","26,62","26,90","27,06","26,38","63,82M","-0,90%"
"11.03.2019","26,86","26,15","26,89","26,14","66,24M","4,05%"
"08.03.2019","25,81","25,64","25,89","25,38","49,56M","-0,37%"
"07.03.2019","25,91","25,94","26,05","25,64","32,84M","0,04%"
"06.03.2019","25,90","25,70","25,90","25,62","18,42M","0,22%"
"01.03.2019","25,84","26,27","26,38","25,78","41,98M","-1,33%"
"28.02.2019","26,19","25,90","26,86","25,75","93,07M","-0,07%"
"27.02.2019","26,21","25,98","26,38","25,78","49,13M","1,88%"
"26.02.2019","25,73","25,90","26,27","25,72","46,50M","-0,45%"
"25.02.2019","25,84","26,13","26,16","25,78","54,19M","-1,58%"
"22.02.2019","26,26","26,67","26,81","26,26","36,60M","-0,99%"
"21.02.2019","26,52","26,31","26,61","25,96","46,56M","1,33%"
"20.02.2019","26,17","26,62","26,77","26,01","55,11M","-1,24%"
"19.02.2019","26,50","26,00","26,52","25,98","58,04M","2,32%"
"18.02.2019","25,90","25,74","25,93","25,56","43,38M","-0,30%"
"15.02.2019","25,98","26,00","26,15","25,85","63,84M","-0,41%"
"14.02.2019","26,09","25,33","26,09","25,17","81,13M","3,45%"
"13.02.2019","25,21","25,19","25,37","25,02","69,04M","1,28%"
"12.02.2019","24,90","24,51","25,02","24,42","72,47M","3,54%"
"11.02.2019","24,04","24,36","24,36","23,75","39,62M","-1,15%"
"08.02.2019","24,32","24,00","24,47","23,94","40,15M","0,16%"
"07.02.2019","24,29","24,78","25,02","23,87","55,61M","-1,57%"
"06.02.2019","24,67","24,97","25,01","24,51","64,53M","-2,15%"
"05.02.2019","25,21","25,08","25,26","24,98","40,99M","0,08%"
"04.02.2019","25,20","25,01","25,28","24,78","53,87M","0,89%"
"01.02.2019","24,97","24,68","25,02","24,56","47,96M","0,86%"
"31.01.2019","24,76","25,04","25,13","24,74","63,25M","-0,16%"
"30.01.2019","24,80","24,98","25,10","24,65","62,61M","0,99%"
"29.01.2019","24,56","24,44","24,74","24,30","59,42M","2,42%"
"28.01.2019","23,98","24,48","24,71","23,95","65,08M","-3,01%"
"24.01.2019","24,72","24,59","24,72","24,51","40,11M","0,43%"
"23.01.2019","24,61","24,52","24,72","24,35","52,93M","1,19%"
"22.01.2019","24,32","24,45","24,68","24,22","61,31M","-1,57%"
"21.01.2019","24,71","24,50","24,71","24,30","45,34M","0,51%"
"18.01.2019","24,59","24,62","24,74","24,47","67,02M","0,95%"
"17.01.2019","24,35","23,96","24,49","23,89","50,36M","1,37%"
"16.01.2019","24,02","24,00","24,10","23,87","40,43M","-0,04%"
"15.01.2019","24,03","24,03","24,31","23,91","53,73M","-0,08%"
"14.01.2019","24,05","24,02","24,29","23,87","46,58M","-0,56%"
"11.01.2019","24,19","24,34","24,38","24,04","53,98M","-1,07%"
"10.01.2019","24,45","24,45","24,60","24,27","54,76M","-0,86%"
"09.01.2019","24,66","24,49","24,68","24,34","70,18M","2,08%"
"08.01.2019","24,16","24,59","24,61","23,98","68,76M","-0,60%"
"07.01.2019","24,30","24,05","25,09","23,91","121,71M","1,58%"
"04.01.2019","23,93","24,05","24,14","23,69","72,12M","0,28%"
"03.01.2019","23,86","23,55","24,02","23,04","95,21M","2,45%"
"02.01.2019","23,29","21,83","23,42","21,57","104,53M","6,08%"
"28.12.2018","21,95","21,40","22,10","21,37","61,63M","4,66%"
"27.12.2018","20,98","20,83","21,28","20,60","74,08M","-0,05%"
"26.12.2018","20,98","19,93","20,98","19,77","77,10M","3,98%"
"21.12.2018","20,18","20,04","20,58","19,90","90,38M","0,28%"
"20.12.2018","20,13","20,89","20,90","19,99","141,77M","-3,42%"
"19.12.2018","20,84","21,07","21,59","20,66","171,16M","1,14%"
"18.12.2018","20,60","21,33","21,35","20,60","74,74M","-3,80%"
"17.12.2018","21,42","21,75","21,79","21,35","53,83M","-0,78%"
"14.12.2018","21,59","21,61","21,85","21,50","45,23M","-1,33%"
"13.12.2018","21,88","21,81","21,96","21,50","61,95M","0,26%"
"12.12.2018","21,82","22,23","22,38","21,73","63,30M","0,04%"
"11.12.2018","21,81","22,40","22,54","21,61","64,02M","-0,64%"
"10.12.2018","21,95","23,20","23,32","21,95","73,87M","-5,37%"
"07.12.2018","23,20","22,96","23,85","22,90","87,99M","0,73%"
"06.12.2018","23,03","23,40","23,52","22,77","99,04M","-3,79%"
"05.12.2018","23,94","23,85","24,09","23,37","54,18M","0,87%"
"04.12.2018","23,73","24,58","24,66","23,73","66,87M","-2,31%"
"03.12.2018","24,29","24,63","24,85","24,16","90,53M","1,89%"
"30.11.2018","23,84","23,52","23,94","23,48","90,87M","1,15%"
"29.11.2018","23,57","23,38","23,88","23,30","65,58M","-0,83%"
"28.11.2018","23,77","23,88","24,23","23,46","92,81M","-0,59%"
"27.11.2018","23,91","22,82","24,07","22,73","90,76M","5,28%"
"26.11.2018","22,71","23,23","23,40","22,52","62,11M","-0,49%"
"23.11.2018","22,82","23,08","23,23","22,49","77,96M","-6,20%"
"22.11.2018","24,33","24,46","24,54","24,26","31,25M","0,29%"
"21.11.2018","24,26","24,19","24,55","24,10","77,23M","-3,19%"
"19.11.2018","25,06","24,63","25,34","24,51","79,95M","0,80%"
"16.11.2018","24,86","24,47","25,09","24,26","100,63M","2,77%"
"14.11.2018","24,19","23,36","24,27","23,04","104,42M","3,55%"
"13.11.2018","23,36","24,40","24,40","23,08","112,78M","-4,30%"
"12.11.2018","24,41","24,61","24,98","24,37","63,16M","-0,53%"
"09.11.2018","24,54","24,28","24,79","23,78","94,21M","0,45%"
"08.11.2018","24,43","25,83","26,05","24,43","119,10M","-3,59%"
"07.11.2018","25,34","25,90","26,65","25,31","95,82M","-3,28%"
"06.11.2018","26,20","26,31","27,27","26,01","95,34M","-3,46%"
"05.11.2018","27,14","26,50","27,14","26,41","60,39M","3,08%"
"01.11.2018","26,33","26,75","27,00","26,13","97,30M","-1,09%"
"31.10.2018","26,62","27,23","27,30","26,31","83,77M","-1,33%"
"30.10.2018","26,98","25,73","26,98","25,46","106,24M","5,97%"
"29.10.2018","25,46","27,69","27,70","25,03","160,28M","-4,29%"
"26.10.2018","26,60","25,68","26,60","25,17","108,58M","4,89%"
"25.10.2018","25,36","25,23","25,67","24,76","79,21M","2,46%"
"24.10.2018","24,75","25,45","26,01","24,75","92,82M","-1,98%"
"23.10.2018","25,25","25,20","25,52","24,87","77,14M","-1,25%"
"22.10.2018","25,57","25,32","25,63","25,32","63,34M","2,36%"
"19.10.2018","24,98","25,20","25,34","24,79","61,68M","0,85%"
"18.10.2018","24,77","25,34","25,38","24,77","55,97M","-2,82%"
"17.10.2018","25,49","25,48","25,66","25,31","80,82M","-1,05%"
"16.10.2018","25,76","25,25","25,76","25,14","73,61M","3,75%"
"15.10.2018","24,83","24,96","25,17","24,62","92,09M","1,89%"
"11.10.2018","24,37","25,59","25,78","24,15","118,80M","-2,91%"
"10.10.2018","25,10","25,35","25,43","24,72","82,17M","-2,90%"
"09.10.2018","25,85","25,52","26,02","25,33","89,56M","0,86%"
"08.10.2018","25,63","25,96","25,99","24,81","187,49M","11,00%"
"05.10.2018","23,09","23,60","23,70","22,80","104,28M","-0,26%"
"04.10.2018","23,15","22,60","23,63","22,37","98,89M","0,96%"
"03.10.2018","22,93","24,33","24,50","22,61","151,33M","4,27%"
"02.10.2018","21,99","21,20","21,99","21,10","126,85M","8,65%"
"01.10.2018","20,24","20,48","20,58","20,04","56,19M","-0,39%"
"28.09.2018","20,32","20,36","21,14","20,26","90,91M","-1,74%"
"27.09.2018","20,68","19,76","20,68","19,73","103,51M","6,27%"
"26.09.2018","19,46","19,50","19,56","19,24","59,92M","0,57%"
"25.09.2018","19,35","18,98","19,42","18,82","53,83M","0,42%"
"24.09.2018","19,27","19,47","19,67","19,20","54,07M","-0,72%"
"21.09.2018","19,41","19,42","19,56","19,23","58,28M","1,36%"
"20.09.2018","19,15","19,52","19,61","19,03","56,00M","-0,52%"
"19.09.2018","19,25","19,21","19,72","19,11","60,35M","-1,33%"
"18.09.2018","19,51","18,79","19,51","18,76","72,44M","4,33%"
"17.09.2018","18,70","17,95","18,78","17,95","71,08M","3,26%"
"14.09.2018","18,11","18,12","18,27","17,81","55,54M","0,44%"
"13.09.2018","18,03","18,34","18,44","17,94","36,48M","-1,26%"
"12.09.2018","18,26","18,13","18,52","17,96","59,50M","2,41%"
"11.09.2018","17,83","18,18","18,20","17,76","56,09M","-3,93%"
"10.09.2018","18,56","18,66","18,89","18,36","57,85M","1,42%"
"06.09.2018","18,30","18,30","18,33","17,81","51,42M","1,84%"
"05.09.2018","17,97","17,89","18,12","17,57","53,71M","0,00%"
"04.09.2018","17,97","18,44","18,49","17,94","39,54M","-1,86%"
"03.09.2018","18,31","18,30","18,44","18,08","25,19M","-1,35%"
"31.08.2018","18,56","18,26","18,72","18,22","75,44M","2,43%"
"30.08.2018","18,12","18,45","18,83","18,00","63,69M","-2,58%"
"29.08.2018","18,60","17,83","18,61","17,78","71,08M","5,20%"
"28.08.2018","17,68","18,08","18,17","17,67","37,72M","-1,94%"
"27.08.2018","18,03","17,74","18,08","17,64","35,27M","2,21%"
"24.08.2018","17,64","17,68","17,77","17,39","37,72M","1,97%"
"23.08.2018","17,30","17,68","17,85","17,23","56,12M","-2,15%"
"22.08.2018","17,68","17,06","17,71","17,01","56,36M","3,51%"
"21.08.2018","17,08","17,61","17,86","17,01","68,40M","-3,45%"
"20.08.2018","17,69","17,70","17,84","17,43","55,91M","-0,56%"
"17.08.2018","17,79","18,07","18,17","17,73","68,03M","-2,57%"
"16.08.2018","18,26","18,62","18,65","18,09","50,95M","-0,54%"
"15.08.2018","18,36","18,93","18,96","18,36","65,01M","-4,62%"
"14.08.2018","19,25","19,54","19,57","19,01","54,96M","-0,05%"
"13.08.2018","19,26","18,74","19,26","18,52","58,05M","2,28%"
"10.08.2018","18,83","19,32","19,37","18,61","61,44M","-3,68%"
"09.08.2018","19,55","19,48","19,56","19,03","50,90M","0,98%"
"08.08.2018","19,36","20,00","20,25","19,34","57,51M","-2,76%"
"07.08.2018","19,91","20,50","20,63","19,77","68,35M","-1,58%"
"06.08.2018","20,23","20,33","20,64","20,17","44,14M","-0,30%"
"03.08.2018","20,29","20,57","20,72","20,27","86,09M","3,41%"
"02.08.2018","19,62","19,81","19,98","19,18","68,11M","2,03%"
"01.08.2018","19,23","18,83","19,23","18,78","38,66M","1,42%"
"31.07.2018","18,96","18,86","19,02","18,72","38,52M","-0,84%"
"30.07.2018","19,12","19,18","19,32","18,94","36,95M","0,63%"
"27.07.2018","19,00","18,84","19,04","18,79","36,32M","1,82%"
"26.07.2018","18,66","19,18","19,18","18,62","47,89M","-2,76%"
"25.07.2018","19,19","19,03","19,23","18,85","48,46M","1,53%"
"24.07.2018","18,90","18,81","19,10","18,77","39,77M","2,11%"
"23.07.2018","18,51","18,55","18,72","18,47","34,97M","-0,16%"
"20.07.2018","18,54","18,43","18,73","18,20","97,66M","4,80%"
"19.07.2018","17,69","17,15","17,69","17,05","59,35M","1,96%"
"18.07.2018","17,35","17,54","17,69","17,25","40,28M","-1,31%"
"17.07.2018","17,58","17,10","17,69","17,02","40,46M","2,27%"
"16.07.2018","17,19","17,25","17,28","16,92","62,44M","-1,26%"
"13.07.2018","17,41","17,29","17,48","17,09","44,81M","0,93%"
"12.07.2018","17,25","16,94","17,32","16,84","49,10M","3,05%"
"11.07.2018","16,74","16,81","17,38","16,63","85,54M","-1,88%"
"10.07.2018","17,06","17,63","17,64","16,87","70,52M","-1,10%"
"06.07.2018","17,25","17,27","17,39","16,97","33,65M","0,47%"
"05.07.2018","17,17","17,88","18,07","16,97","75,58M","-3,21%"
"04.07.2018","17,74","16,71","17,74","16,57","53,72M","5,47%"
"03.07.2018","16,82","17,05","17,20","16,78","56,57M","0,18%"
"02.07.2018","16,79","16,33","16,80","16,25","54,21M","1,63%"
"29.06.2018","16,52","16,20","16,52","16,08","75,13M","3,51%"
"28.06.2018","15,96","16,07","16,41","15,70","94,45M","0,31%"
"27.06.2018","15,91","15,48","16,32","15,44","77,89M","3,18%"
"26.06.2018","15,42","15,28","15,50","14,93","59,33M","2,19%"
"25.06.2018","15,09","14,61","15,18","14,48","59,89M","3,93%"
"22.06.2018","14,52","14,81","15,07","14,43","51,93M","0,00%"
"21.06.2018","14,52","15,47","15,69","14,52","67,49M","-6,80%"
"20.06.2018","15,58","15,63","15,84","15,19","87,95M","5,13%"
"19.06.2018","14,82","13,71","15,11","13,62","97,03M","6,31%"
"18.06.2018","13,94","14,20","14,31","13,94","46,78M","-3,13%"
"15.06.2018","14,39","14,45","14,49","13,91","74,42M","-0,90%"
"14.06.2018","14,52","14,74","14,95","14,47","56,97M","-0,41%"
"13.06.2018","14,58","14,82","14,90","14,17","71,67M","-1,88%"
"12.06.2018","14,86","14,88","15,07","14,65","69,15M","0,34%"
"11.06.2018","14,81","14,90","15,19","14,54","44,47M","1,02%"
"08.06.2018","14,66","15,20","15,56","14,48","90,91M","-3,23%"
"07.06.2018","15,15","15,38","15,53","14,35","118,27M","-3,50%"
"06.06.2018","15,70","15,83","16,03","15,26","69,02M","-1,57%"
"05.06.2018","15,95","16,69","17,11","15,95","66,47M","-5,34%"
"04.06.2018","16,85","16,62","16,96","16,39","93,06M","8,50%"
"01.06.2018","15,53","18,80","18,99","14,32","215,14M","-14,86%"
"30.05.2018","18,24","17,68","19,20","17,43","124,91M","-1,67%"
"29.05.2018","18,55","17,30","18,69","16,92","180,97M","14,08%"
"28.05.2018","16,26","18,46","18,46","16,26","132,65M","-14,56%"
"25.05.2018","19,03","19,85","20,45","18,90","131,19M","-1,40%"
"24.05.2018","19,30","19,27","19,95","18,89","237,58M","-13,72%"
"23.05.2018","22,37","23,29","23,53","22,37","74,14M","-5,81%"
"22.05.2018","23,75","23,85","24,31","23,21","87,88M","-1,17%"
"21.05.2018","24,03","25,04","25,22","23,93","75,17M","-2,36%"
"18.05.2018","24,61","23,99","25,11","23,95","82,99M","-1,16%"
"17.05.2018","24,90","26,24","26,48","24,43","111,84M","-5,25%"
"16.05.2018","26,28","25,78","26,41","25,75","64,23M","2,26%"
"15.05.2018","25,70","25,28","25,81","24,84","74,81M","2,11%"
"14.05.2018","25,17","24,80","25,40","24,76","66,34M","3,11%"
"11.05.2018","24,41","24,78","25,24","24,39","72,66M","-1,17%"
"10.05.2018","24,70","24,12","25,41","23,91","126,70M","3,91%"
"09.05.2018","23,77","22,35","23,79","22,28","117,66M","8,14%"
"08.05.2018","21,98","22,12","22,21","21,60","80,99M","1,15%"
"07.05.2018","21,73","21,65","22,23","21,58","47,70M","1,73%"
"04.05.2018","21,36","21,54","21,72","21,36","33,04M","-0,84%"
"03.05.2018","21,54","21,62","21,72","21,08","48,69M","-0,65%"
"02.05.2018","21,68","21,75","22,00","21,59","31,48M","-1,63%"
"30.04.2018","22,04","21,81","22,08","21,71","23,52M","1,15%"
"27.04.2018","21,79","21,91","22,00","21,74","37,60M","0,37%"
"26.04.2018","21,71","21,11","21,71","21,08","56,42M","4,12%"
"25.04.2018","20,85","21,12","21,23","20,79","67,77M","-2,98%"
"24.04.2018","21,49","21,68","21,84","21,33","46,32M","-0,37%"
"23.04.2018","21,57","21,19","21,57","21,05","36,90M","0,56%"
"20.04.2018","21,45","21,16","21,55","21,01","61,38M","0,70%"
"19.04.2018","21,30","21,17","21,49","21,04","62,40M","1,87%"
"18.04.2018","20,91","20,48","20,98","20,44","65,08M","3,62%"
"17.04.2018","20,18","19,86","20,22","19,78","36,47M","2,02%"
"16.04.2018","19,78","20,19","20,38","19,76","48,22M","-2,75%"
"13.04.2018","20,34","20,76","20,86","20,20","43,06M","-2,21%"
"12.04.2018","20,80","20,90","21,05","20,80","36,15M","-0,53%"
"11.04.2018","20,91","20,48","21,01","20,46","62,16M","1,85%"
"10.04.2018","20,53","20,06","20,64","19,92","58,37M","4,21%"
"09.04.2018","19,70","20,56","20,57","19,70","44,00M","-3,48%"
"06.04.2018","20,41","20,13","20,41","19,98","47,77M","0,59%"
"05.04.2018","20,29","20,29","20,46","20,18","88,45M","3,79%"
"04.04.2018","19,55","19,48","19,76","19,29","58,09M","-1,61%"
"03.04.2018","19,87","20,25","20,33","19,82","39,09M","-0,90%"
"02.04.2018","20,05","20,49","20,59","19,93","36,98M","-2,39%"
"29.03.2018","20,54","20,40","20,68","20,37","34,14M","0,98%"
"28.03.2018","20,34","20,40","20,54","20,14","38,39M","-1,12%"
"27.03.2018","20,57","21,24","21,28","20,50","43,37M","-2,65%"
"26.03.2018","21,13","21,17","21,30","20,95","29,81M","1,25%"
"23.03.2018","20,87","20,73","21,21","20,65","52,72M","0,14%"
"22.03.2018","20,84","20,97","21,14","20,70","49,84M","-1,47%"
"21.03.2018","21,15","20,39","21,19","20,34","52,80M","4,19%"
"20.03.2018","20,30","20,32","20,54","20,25","29,95M","1,10%"
"19.03.2018","20,08","20,41","20,49","20,01","41,97M","-2,33%"
"16.03.2018","20,56","20,60","20,86","20,37","57,69M","0,59%"
"15.03.2018","20,44","21,15","21,28","20,44","80,54M","-4,80%"
"14.03.2018","21,47","21,39","21,53","21,19","31,74M","1,23%"
"13.03.2018","21,21","21,54","21,62","21,16","34,58M","-0,98%"
"12.03.2018","21,42","21,62","21,67","21,33","31,90M","-0,28%"
"09.03.2018","21,48","20,89","21,48","20,71","45,56M","3,17%"
"08.03.2018","20,82","20,96","20,99","20,45","36,16M","0,14%"
"07.03.2018","20,79","20,81","21,08","20,50","50,96M","-1,05%"
"06.03.2018","21,01","21,59","21,71","20,97","57,24M","-0,99%"
"05.03.2018","21,22","20,62","21,27","20,49","54,24M","2,81%"
"02.03.2018","20,64","19,86","20,64","19,68","52,68M","2,28%"
"01.03.2018","20,18","20,53","20,59","19,92","66,38M","-1,99%"
"28.02.2018","20,59","20,75","20,89","20,32","66,23M","-0,19%"
"27.02.2018","20,63","20,60","20,96","20,47","42,91M","-0,10%"
"26.02.2018","20,65","20,53","20,81","20,51","48,16M","1,92%"
"23.02.2018","20,26","20,10","20,28","19,78","55,76M","1,81%"
"22.02.2018","19,90","19,75","19,97","19,70","38,17M","2,42%"
"21.02.2018","19,43","19,75","20,03","19,43","55,68M","-0,92%"
"20.02.2018","19,61","19,07","19,97","19,01","67,42M","1,98%"
"19.02.2018","19,23","18,76","19,28","18,76","40,93M","3,22%"
"16.02.2018","18,63","18,67","18,78","18,52","34,74M","0,11%"
"15.02.2018","18,61","18,71","18,75","18,39","31,98M","0,76%"
"14.02.2018","18,47","18,24","18,57","18,19","43,40M","2,55%"
"09.02.2018","18,01","18,26","18,60","17,76","68,73M","-1,48%"
"08.02.2018","18,28","18,76","18,94","18,04","51,12M","-1,98%"
"07.02.2018","18,65","19,16","19,40","18,57","61,91M","-2,76%"
"06.02.2018","19,18","17,90","19,18","17,86","74,15M","4,98%"
"05.02.2018","18,27","18,85","19,16","18,27","62,27M","-4,65%"
"02.02.2018","19,16","19,47","19,59","19,04","50,66M","-2,69%"
"01.02.2018","19,69","18,96","19,78","18,96","51,95M","4,18%"
"31.01.2018","18,90","18,94","19,12","18,88","41,58M","1,07%"
"30.01.2018","18,70","18,97","18,97","18,57","46,20M","-1,79%"
"29.01.2018","19,04","18,87","19,23","18,77","55,73M","-0,42%"
"26.01.2018","19,12","18,82","19,17","18,32","81,99M","3,07%"
"24.01.2018","18,55","17,67","18,83","17,67","89,77M","5,70%"
"23.01.2018","17,55","17,65","17,71","17,27","39,83M","-0,96%"
"22.01.2018","17,72","17,52","17,72","17,35","33,92M","1,14%"
"19.01.2018","17,52","17,57","17,67","17,30","33,47M","0,23%"
"18.01.2018","17,48","17,60","17,78","17,20","48,58M","-0,74%"
"17.01.2018","17,61","17,19","17,61","17,09","58,49M","4,02%"
"16.01.2018","16,93","16,64","17,11","16,60","58,62M","1,74%"
"15.01.2018","16,64","16,62","16,73","16,45","28,95M","0,24%"
"12.01.2018","16,60","16,35","16,70","16,33","45,91M","0,30%"
"11.01.2018","16,55","16,19","16,60","16,16","37,92M","2,67%"
"10.01.2018","16,12","16,23","16,36","16,09","28,55M","-1,35%"
"09.01.2018","16,34","16,34","16,46","16,27","35,07M","0,00%"
"08.01.2018","16,34","16,06","16,34","16,03","28,40M","1,18%"
"05.01.2018","16,15","16,02","16,17","15,90","26,96M","0,62%"
"04.01.2018","16,05","16,10","16,27","15,94","37,06M","0,19%"
"03.01.2018","16,02","15,82","16,04","15,70","55,94M","0,88%"
"02.01.2018","15,88","15,53","15,88","15,53","33,46M","2,78%"
"28.12.2017","15,45","15,45","15,47","15,35","19,01M","0,32%"
"27.12.2017","15,40","15,34","15,48","15,33","23,55M","0,52%"
"26.12.2017","15,32","15,11","15,34","15,05","22,17M","1,39%"
"22.12.2017","15,11","15,11","15,24","15,05","18,71M","-0,72%"
"21.12.2017","15,22","14,69","15,22","14,68","47,22M","4,10%"
"20.12.2017","14,62","14,59","14,68","14,55","20,15M","0,69%"
"19.12.2017","14,52","14,56","14,63","14,45","22,64M","-0,55%"
"18.12.2017","14,60","14,54","14,71","14,52","42,76M","1,81%"
"15.12.2017","14,34","14,44","14,62","14,34","55,67M","-0,42%"
"14.12.2017","14,40","14,49","14,69","14,39","37,18M","-1,10%"
"13.12.2017","14,56","15,01","15,04","14,50","46,83M","-2,02%"
"12.12.2017","14,86","14,74","14,86","14,56","36,20M","0,75%"
"11.12.2017","14,75","14,85","14,94","14,75","21,28M","0,14%"
"08.12.2017","14,73","14,88","15,04","14,73","39,58M","0,61%"
"07.12.2017","14,64","14,68","14,86","14,46","37,28M","-1,68%"
"06.12.2017","14,89","14,60","15,06","14,52","39,24M","1,36%"
"05.12.2017","14,69","14,87","15,19","14,59","30,23M","-1,08%"
"04.12.2017","14,85","15,01","15,16","14,83","43,82M","-0,87%"
"01.12.2017","14,98","14,72","15,13","14,64","42,70M","1,56%"
"30.11.2017","14,75","14,68","14,84","14,38","52,81M","0,27%"
"29.11.2017","14,71","15,22","15,27","14,70","45,97M","-3,22%"
"28.11.2017","15,20","15,28","15,39","15,17","30,43M","-0,13%"
"27.11.2017","15,22","15,36","15,37","15,14","28,45M","-1,49%"
"24.11.2017","15,45","15,59","15,70","15,39","18,79M","-0,52%"
"23.11.2017","15,53","15,33","15,60","15,29","15,40M","0,45%"
"22.11.2017","15,46","15,44","15,58","15,28","37,44M","1,38%"
"21.11.2017","15,25","15,49","15,65","15,21","45,82M","-0,78%"
"17.11.2017","15,37","15,27","15,46","15,17","38,38M","1,32%"
"16.11.2017","15,17","14,98","15,39","14,85","42,70M","2,99%"
"14.11.2017","14,73","15,83","15,85","14,66","88,77M","-7,71%"
"13.11.2017","15,96","16,01","16,09","15,72","28,70M","-0,50%"
"10.11.2017","16,04","16,03","16,13","15,84","35,96M","0,00%"
"09.11.2017","16,04","16,20","16,25","16,04","29,40M","-1,35%"
"08.11.2017","16,26","16,01","16,26","15,84","41,18M","2,72%"
"07.11.2017","15,83","16,61","16,64","15,83","61,10M","-5,32%"
"06.11.2017","16,72","16,36","16,73","16,29","46,06M","2,89%"
"03.11.2017","16,25","16,27","16,32","16,00","32,61M","0,25%"
"01.11.2017","16,21","16,30","16,40","16,19","38,88M","0,75%"
"31.10.2017","16,09","16,21","16,26","16,04","32,25M","-0,06%"
"30.10.2017","16,10","16,28","16,47","16,06","55,36M","-1,47%"
"27.10.2017","16,34","16,09","16,40","15,97","45,64M","1,81%"
"26.10.2017","16,05","16,10","16,20","15,98","37,85M","0,06%"
"25.10.2017","16,04","15,86","16,05","15,78","37,61M","1,26%"
"24.10.2017","15,84","15,62","15,84","15,51","46,25M","1,93%"
"23.10.2017","15,54","15,63","15,63","15,46","29,39M","-0,13%"
"20.10.2017","15,56","15,53","15,72","15,51","32,42M","0,45%"
"19.10.2017","15,49","15,35","15,50","15,25","24,67M","-0,06%"
"18.10.2017","15,50","15,56","15,62","15,47","25,71M","0,19%"
"17.10.2017","15,47","15,48","15,56","15,42","25,52M","0,06%"
"16.10.2017","15,46","15,50","15,60","15,35","44,70M","0,19%"
"13.10.2017","15,43","15,57","15,63","15,41","23,92M","0,00%"
"11.10.2017","15,43","15,51","15,59","15,36","40,30M","-0,64%"
"10.10.2017","15,53","15,47","15,53","15,36","46,89M","1,90%"
"09.10.2017","15,24","14,98","15,24","14,96","27,59M","1,26%"
"06.10.2017","15,05","15,02","15,13","14,91","41,54M","-1,31%"
"05.10.2017","15,25","15,23","15,46","15,21","54,81M","1,53%"
"04.10.2017","15,02","15,25","15,29","15,01","47,57M","-2,02%"
"03.10.2017","15,33","14,97","15,33","14,89","50,31M","3,79%"
"02.10.2017","14,77","14,57","14,77","14,45","29,67M","0,61%"
"29.09.2017","14,68","14,87","14,89","14,68","28,39M","-0,27%"
"28.09.2017","14,72","14,75","14,87","14,60","33,61M","0,20%"
"27.09.2017","14,69","15,06","15,08","14,50","41,45M","-1,61%"
"26.09.2017","14,93","15,22","15,25","14,93","37,62M","-1,78%"
"25.09.2017","15,20","15,15","15,31","15,06","36,36M","1,00%"
"22.09.2017","15,05","14,97","15,16","14,80","40,80M","0,13%"
"21.09.2017","15,03","15,21","15,31","14,95","46,05M","-1,25%"
"20.09.2017","15,22","14,63","15,23","14,46","79,82M","4,82%"
"19.09.2017","14,52","14,49","14,55","14,31","35,56M","0,62%"
"18.09.2017","14,43","14,41","14,57","14,37","47,13M","0,00%"
"15.09.2017","14,43","14,46","14,55","14,38","47,44M","0,00%"
"14.09.2017","14,43","14,42","14,64","14,41","34,02M","0,07%"
"13.09.2017","14,42","14,33","14,49","14,21","36,83M","1,05%"
"12.09.2017","14,27","14,37","14,54","14,26","49,39M","-0,76%"
"11.09.2017","14,38","14,28","14,44","14,21","34,76M","1,91%"
"08.09.2017","14,11","14,49","14,53","14,09","35,53M","-2,08%"
"06.09.2017","14,41","14,05","14,41","13,92","67,56M","4,27%"
"05.09.2017","13,82","13,98","14,05","13,65","56,17M","1,69%"
"04.09.2017","13,59","13,39","13,60","13,37","17,95M","1,04%"
"01.09.2017","13,45","13,29","13,61","13,26","59,90M","2,67%"
"31.08.2017","13,10","12,98","13,21","12,92","82,68M","1,55%"
"30.08.2017","12,90","13,23","13,34","12,89","57,96M","-2,93%"
"29.08.2017","13,29","13,20","13,29","13,12","27,07M","-0,15%"
"28.08.2017","13,31","13,36","13,46","13,20","27,04M","-0,08%"
"25.08.2017","13,32","13,31","13,37","13,25","24,05M","0,60%"
"24.08.2017","13,24","13,22","13,33","13,12","32,03M","0,30%"
"23.08.2017","13,20","13,22","13,36","13,10","47,48M","-0,23%"
"22.08.2017","13,23","13,14","13,31","13,09","54,76M","3,36%"
"21.08.2017","12,80","13,09","13,10","12,74","39,58M","-1,92%"
"18.08.2017","13,05","12,62","13,05","12,62","65,89M","4,23%"
"17.08.2017","12,52","12,59","12,72","12,49","23,13M","-0,63%"
"16.08.2017","12,60","12,76","12,84","12,57","44,74M","-0,16%"
"15.08.2017","12,62","12,55","12,70","12,52","24,11M","0,56%"
"14.08.2017","12,55","12,45","12,68","12,39","31,40M","1,05%"
"11.08.2017","12,42","12,61","12,66","12,41","42,00M","-1,82%"
"10.08.2017","12,65","13,05","13,10","12,62","55,80M","-2,47%"
"09.08.2017","12,97","12,96","13,06","12,89","26,74M","0,23%"
"08.08.2017","12,94","12,95","13,13","12,91","28,91M","-0,46%"
"07.08.2017","13,00","12,81","13,07","12,79","29,68M","1,09%"
"04.08.2017","12,86","12,86","12,93","12,72","21,47M","0,70%"
"03.08.2017","12,77","13,02","13,10","12,77","31,08M","-1,47%"
"02.08.2017","12,96","12,60","13,06","12,55","45,85M","2,94%"
"01.08.2017","12,59","12,76","12,78","12,55","22,53M","-1,25%"
"31.07.2017","12,75","12,68","12,77","12,54","31,15M","1,19%"
"28.07.2017","12,60","12,45","12,60","12,39","20,75M","1,04%"
"27.07.2017","12,47","12,52","12,63","12,47","21,50M","0,16%"
"26.07.2017","12,45","12,76","12,80","12,45","28,94M","-1,81%"
"25.07.2017","12,68","12,48","12,71","12,48","29,51M","2,59%"
"24.07.2017","12,36","12,31","12,39","12,25","16,12M","1,56%"
"21.07.2017","12,17","12,47","12,51","12,15","38,40M","-3,18%"
"20.07.2017","12,57","12,75","12,81","12,50","29,62M","-0,95%"
"19.07.2017","12,69","12,47","12,73","12,44","36,33M","2,26%"
"18.07.2017","12,41","12,47","12,49","12,31","19,03M","0,32%"
"17.07.2017","12,37","12,50","12,52","12,35","27,95M","-1,20%"
"14.07.2017","12,52","12,43","12,53","12,39","35,80M","1,38%"
"13.07.2017","12,35","12,43","12,51","12,28","32,80M","-0,48%"
"12.07.2017","12,41","12,13","12,46","12,00","66,04M","4,90%"
"11.07.2017","11,83","11,46","11,94","11,42","45,21M","2,96%"
"10.07.2017","11,49","11,35","11,52","11,26","21,45M","0,35%"
"07.07.2017","11,45","11,64","11,68","11,37","42,37M","-1,97%"
"06.07.2017","11,68","11,78","11,86","11,59","51,74M","-0,26%"
"05.07.2017","11,71","11,88","12,01","11,63","41,69M","-1,76%"
"04.07.2017","11,92","11,84","11,92","11,82","12,42M","0,51%"
"03.07.2017","11,86","11,78","11,91","11,72","31,26M","-0,08%"
"30.06.2017","11,87","11,75","11,97","11,69","29,50M","1,63%"
"29.06.2017","11,68","11,76","11,80","11,60","24,18M","0,78%"
"28.06.2017","11,59","11,77","11,82","11,52","31,33M","-1,02%"
"27.06.2017","11,71","11,84","11,97","11,64","44,86M","-0,51%"
"26.06.2017","11,77","11,61","11,80","11,55","42,40M","2,79%"
"23.06.2017","11,45","11,62","11,66","11,39","33,21M","-0,87%"
"22.06.2017","11,55","11,28","11,55","11,24","41,90M","3,40%"
"21.06.2017","11,17","11,46","11,63","11,12","58,49M","-1,85%"
"20.06.2017","11,38","11,63","11,64","11,28","53,71M","-3,48%"
"19.06.2017","11,79","11,81","11,96","11,72","45,76M","0,08%"
"16.06.2017","11,78","12,07","12,08","11,71","73,09M","-2,73%"
"14.06.2017","12,11","12,41","12,51","12,10","67,07M","-2,42%"
"13.06.2017","12,41","12,42","12,49","12,25","22,72M","0,24%"
"12.06.2017","12,38","12,44","12,50","12,25","30,48M","0,41%"
"09.06.2017","12,33","12,43","12,57","12,31","30,19M","0,08%"
"08.06.2017","12,32","12,26","12,43","12,19","27,53M","-0,24%"
"07.06.2017","12,35","12,74","12,80","12,29","44,02M","-2,29%"
"06.06.2017","12,64","12,69","12,79","12,50","35,35M","0,00%"
"05.06.2017","12,64","12,43","12,70","12,39","31,26M","0,96%"
"02.06.2017","12,52","12,27","12,52","12,16","42,87M","1,79%"
"01.06.2017","12,30","12,62","12,75","12,30","42,61M","-1,05%"
"31.05.2017","12,43","12,67","12,77","12,42","44,66M","-3,04%"
"30.05.2017","12,82","13,00","13,09","12,82","34,44M","-1,54%"
"29.05.2017","13,02","13,04","13,21","13,00","15,91M","-0,76%"
"26.05.2017","13,12","12,92","13,23","12,86","63,10M","-0,46%"
"25.05.2017","13,18","13,40","13,61","13,08","44,84M","-1,42%"
"24.05.2017","13,37","13,19","13,52","13,13","53,98M","3,32%"
"23.05.2017","12,94","12,90","13,05","12,84","48,35M","0,62%"
"22.05.2017","12,86","12,81","12,96","12,47","54,77M","-1,61%"